title,year,month,category,unit_cost,beginning_inventory,ending_inventory,annual_usage_value,monthly_usage,annual_usage,stock_turnover_rate,stock_variability,ABC_category
Antiseptic Solution,2022,2022-01,Consumable,432.0,2992,2464,7568208.0,1459.9166666666667,17519,0.5351600684261975,0.4849866261279129,C
Antiseptic Solution,2022,2022-02,Consumable,432.0,2000,2000,7568208.0,1459.9166666666667,17519,0.7299583333333334,0.4849866261279129,C
Antiseptic Solution,2022,2022-03,Consumable,432.0,2185,526,7568208.0,1459.9166666666667,17519,1.0770318455674412,0.4849866261279129,C
Antiseptic Solution,2022,2022-04,Consumable,432.0,1543,1198,7568208.0,1459.9166666666667,17519,1.0652438282865135,0.4849866261279129,C
Antiseptic Solution,2022,2022-05,Consumable,432.0,1224,1213,7568208.0,1459.9166666666667,17519,1.1981261113390782,0.4849866261279129,C
Antiseptic Solution,2022,2022-06,Consumable,432.0,1831,518,7568208.0,1459.9166666666667,17519,1.2430112104441606,0.4849866261279129,C
Antiseptic Solution,2022,2022-07,Consumable,432.0,1967,1667,7568208.0,1459.9166666666667,17519,0.8034764263437901,0.4849866261279129,C
Antiseptic Solution,2022,2022-08,Consumable,432.0,1907,1907,7568208.0,1459.9166666666667,17519,0.7655567208529978,0.4849866261279129,C
Antiseptic Solution,2022,2022-09,Consumable,432.0,2571,2001,7568208.0,1459.9166666666667,17519,0.6386337124526101,0.4849866261279129,C
Antiseptic Solution,2022,2022-10,Consumable,432.0,698,1240,7568208.0,1459.9166666666667,17519,1.506621947024424,0.4849866261279129,C
Antiseptic Solution,2022,2022-11,Consumable,432.0,2240,2411,7568208.0,1459.9166666666667,17519,0.627786139181538,0.4849866261279129,C
Antiseptic Solution,2022,2022-12,Consumable,432.0,1726,1018,7568208.0,1459.9166666666667,17519,1.0640792031098154,0.4849866261279129,C
Antiseptic Solution,2023,2023-02,Consumable,432.0,1134,1935,8881920.0,1713.3333333333333,20560,1.116541761703052,0.4849866261279129,C
Antiseptic Solution,2023,2023-03,Consumable,432.0,2057,714,8881920.0,1713.3333333333333,20560,1.236617346325033,0.4849866261279129,C
Antiseptic Solution,2023,2023-04,Consumable,432.0,915,1474,8881920.0,1713.3333333333333,20560,1.434351890609739,0.4849866261279129,C
Antiseptic Solution,2023,2023-05,Consumable,432.0,2246,873,8881920.0,1713.3333333333333,20560,1.0986427273698836,0.4849866261279129,C
Antiseptic Solution,2023,2023-06,Consumable,432.0,1461,2998,8881920.0,1713.3333333333333,20560,0.7684832174628092,0.4849866261279129,C
Antiseptic Solution,2023,2023-07,Consumable,432.0,2094,612,8881920.0,1713.3333333333333,20560,1.266321754126632,0.4849866261279129,C
Antiseptic Solution,2023,2023-08,Consumable,432.0,2658,2571,8881920.0,1713.3333333333333,20560,0.6553196914642697,0.4849866261279129,C
Antiseptic Solution,2023,2023-09,Consumable,432.0,1153,1224,8881920.0,1713.3333333333333,20560,1.4415930444537932,0.4849866261279129,C
Antiseptic Solution,2023,2023-10,Consumable,432.0,2891,531,8881920.0,1713.3333333333333,20560,1.0013637249172023,0.4849866261279129,C
Antiseptic Solution,2023,2023-11,Consumable,432.0,2292,1903,8881920.0,1713.3333333333333,20560,0.8168454509336511,0.4849866261279129,C
Antiseptic Solution,2023,2023-12,Consumable,432.0,2234,760,8881920.0,1713.3333333333333,20560,1.1445112447116454,0.4849866261279129,C
Antiseptic Solution,2024,2024-01,Consumable,432.0,2178,2512,8900064.0,1716.8333333333333,20602,0.7321250888415067,0.4849866261279129,C
Antiseptic Solution,2024,2024-02,Consumable,432.0,2217,1503,8900064.0,1716.8333333333333,20602,0.9230286738351254,0.4849866261279129,C
Antiseptic Solution,2024,2024-03,Consumable,432.0,1420,2750,8900064.0,1716.8333333333333,20602,0.8234212629896083,0.4849866261279129,C
Antiseptic Solution,2024,2024-04,Consumable,432.0,1442,2948,8900064.0,1716.8333333333333,20602,0.7821564160971906,0.4849866261279129,C
Antiseptic Solution,2024,2024-05,Consumable,432.0,2828,2094,8900064.0,1716.8333333333333,20602,0.6976161451984287,0.4849866261279129,C
Antiseptic Solution,2024,2024-06,Consumable,432.0,1627,2974,8900064.0,1716.8333333333333,20602,0.746287039049482,0.4849866261279129,C
Antiseptic Solution,2024,2024-07,Consumable,432.0,1061,1227,8900064.0,1716.8333333333333,20602,1.5007284382284383,0.4849866261279129,C
Antiseptic Solution,2024,2024-08,Consumable,432.0,2255,697,8900064.0,1716.8333333333333,20602,1.1631662149954833,0.4849866261279129,C
Antiseptic Solution,2024,2024-09,Consumable,432.0,1435,2505,8900064.0,1716.8333333333333,20602,0.8714890016920473,0.4849866261279129,C
Antiseptic Solution,2024,2024-10,Consumable,432.0,2152,723,8900064.0,1716.8333333333333,20602,1.19431884057971,0.4849866261279129,C
Antiseptic Solution,2024,2024-11,Consumable,432.0,2256,1652,8900064.0,1716.8333333333333,20602,0.8786250426475605,0.4849866261279129,C
Antiseptic Solution,2024,2024-12,Consumable,432.0,596,1258,8900064.0,1716.8333333333333,20602,1.8520316432937791,0.4849866261279129,C
Bandages,2022,2022-01,Consumable,31.84090909090909,1836,3185,1701864.75,4454.083333333333,53449,1.7741817698997542,0.4849866261279129,C
Bandages,2022,2022-02,Consumable,31.84090909090909,3888,3173,1701864.75,4454.083333333333,53449,1.2616012840485293,0.4849866261279129,C
Bandages,2022,2022-03,Consumable,31.84090909090909,3616,1914,1701864.75,4454.083333333333,53449,1.6108800482218202,0.4849866261279129,C
Bandages,2022,2022-04,Consumable,31.84090909090909,3201,5163,1701864.75,4454.083333333333,53449,1.0650605770763588,0.4849866261279129,C
Bandages,2022,2022-05,Consumable,31.84090909090909,5475,2357,1701864.75,4454.083333333333,53449,1.1374063670411985,0.4849866261279129,C
Bandages,2022,2022-06,Consumable,31.84090909090909,2497,2254,1701864.75,4454.083333333333,53449,1.875008770083491,0.4849866261279129,C
Bandages,2022,2022-07,Consumable,31.84090909090909,4250,1787,1701864.75,4454.083333333333,53449,1.4755949423002594,0.4849866261279129,C
Bandages,2022,2022-08,Consumable,31.84090909090909,2601,5357,1701864.75,4454.083333333333,53449,1.1193976711066431,0.4849866261279129,C
Bandages,2022,2022-09,Consumable,31.84090909090909,1075,4140,1701864.75,4454.083333333333,53449,1.7081815276446148,0.4849866261279129,C
Bandages,2022,2022-10,Consumable,31.84090909090909,2849,2364,1701864.75,4454.083333333333,53449,1.7088368821535902,0.4849866261279129,C
Bandages,2022,2022-11,Consumable,31.84090909090909,4156,3022,1701864.75,4454.083333333333,53449,1.241037429181759,0.4849866261279129,C
Bandages,2022,2022-12,Consumable,31.84090909090909,3747,3350,1701864.75,4454.083333333333,53449,1.255201728429853,0.4849866261279129,C
Bandages,2023,2023-01,Consumable,31.84090909090909,4013,3444,1959935.3181818181,5129.5,61554,1.3757543247954942,0.4849866261279129,C
Bandages,2023,2023-02,Consumable,31.84090909090909,1727,4559,1959935.3181818181,5129.5,61554,1.6320394527521476,0.4849866261279129,C
Bandages,2023,2023-03,Consumable,31.84090909090909,3236,3317,1959935.3181818181,5129.5,61554,1.5655424996184955,0.4849866261279129,C
Bandages,2023,2023-04,Consumable,31.84090909090909,3190,5414,1959935.3181818181,5129.5,61554,1.1923523942352394,0.4849866261279129,C
Bandages,2023,2023-05,Consumable,31.84090909090909,5432,4734,1959935.3181818181,5129.5,61554,1.0091481408616958,0.4849866261279129,C
Bandages,2023,2023-06,Consumable,31.84090909090909,3101,2135,1959935.3181818181,5129.5,61554,1.959320091673033,0.4849866261279129,C
Bandages,2023,2023-07,Consumable,31.84090909090909,5911,4894,1959935.3181818181,5129.5,61554,0.9494678389634429,0.4849866261279129,C
Bandages,2023,2023-08,Consumable,31.84090909090909,5037,3923,1959935.3181818181,5129.5,61554,1.1449776785714285,0.4849866261279129,C
Bandages,2023,2023-09,Consumable,31.84090909090909,4496,4496,1959935.3181818181,5129.5,61554,1.1409030249110321,0.4849866261279129,C
Bandages,2023,2023-10,Consumable,31.84090909090909,3107,4560,1959935.3181818181,5129.5,61554,1.338072257727925,0.4849866261279129,C
Bandages,2023,2023-11,Consumable,31.84090909090909,5294,2741,1959935.3181818181,5129.5,61554,1.2767890479153703,0.4849866261279129,C
Bandages,2023,2023-12,Consumable,31.84090909090909,5878,1753,1959935.3181818181,5129.5,61554,1.3443847464290395,0.4849866261279129,C
Bandages,2024,2024-01,Consumable,31.84090909090909,1363,2987,1376418.8181818181,3602.3333333333335,43228,1.6562452107279695,0.4849866261279129,C
Bandages,2024,2024-02,Consumable,31.84090909090909,3016,1974,1376418.8181818181,3602.3333333333335,43228,1.4438209752839013,0.4849866261279129,C
Bandages,2024,2024-03,Consumable,31.84090909090909,2165,4740,1376418.8181818181,3602.3333333333335,43228,1.0433985034998794,0.4849866261279129,C
Bandages,2024,2024-04,Consumable,31.84090909090909,1978,2088,1376418.8181818181,3602.3333333333335,43228,1.7719298245614037,0.4849866261279129,C
Bandages,2024,2024-05,Consumable,31.84090909090909,2772,4315,1376418.8181818181,3602.3333333333335,43228,1.0166031701237006,0.4849866261279129,C
Bandages,2024,2024-06,Consumable,31.84090909090909,3570,4250,1376418.8181818181,3602.3333333333335,43228,0.9213128729752771,0.4849866261279129,C
Bandages,2024,2024-07,Consumable,31.84090909090909,4367,4114,1376418.8181818181,3602.3333333333335,43228,0.8495067405573242,0.4849866261279129,C
Bandages,2024,2024-08,Consumable,31.84090909090909,4993,1358,1376418.8181818181,3602.3333333333335,43228,1.1344145278958695,0.4849866261279129,C
Bandages,2024,2024-09,Consumable,31.84090909090909,4603,3425,1376418.8181818181,3602.3333333333335,43228,0.8974422853346621,0.4849866261279129,C
Bandages,2024,2024-10,Consumable,31.84090909090909,2549,4335,1376418.8181818181,3602.3333333333335,43228,1.0465814448963782,0.4849866261279129,C
Bandages,2024,2024-11,Consumable,31.84090909090909,3733,2786,1376418.8181818181,3602.3333333333335,43228,1.1051797310425935,0.4849866261279129,C
Bandages,2024,2024-12,Consumable,31.84090909090909,3232,5231,1376418.8181818181,3602.3333333333335,43228,0.8513135609909804,0.4849866261279129,C
Blood Bags,2022,2022-01,Consumable,953.1047619047619,1275,1255,5847297.714285714,511.25,6135,0.4041501976284585,0.4849866261279129,C
Blood Bags,2022,2022-02,Consumable,953.1047619047619,1047,558,5847297.714285714,511.25,6135,0.6370716510903427,0.4849866261279129,C
Blood Bags,2022,2022-03,Consumable,953.1047619047619,1360,578,5847297.714285714,511.25,6135,0.5276057791537667,0.4849866261279129,C
Blood Bags,2022,2022-04,Consumable,953.1047619047619,715,1369,5847297.714285714,511.25,6135,0.4906429942418426,0.4849866261279129,C
Blood Bags,2022,2022-05,Consumable,953.1047619047619,1188,1443,5847297.714285714,511.25,6135,0.3886354998099582,0.4849866261279129,C
Blood Bags,2022,2022-06,Consumable,953.1047619047619,310,943,5847297.714285714,511.25,6135,0.8160415003990423,0.4849866261279129,C
Blood Bags,2022,2022-07,Consumable,953.1047619047619,869,967,5847297.714285714,511.25,6135,0.556917211328976,0.4849866261279129,C
Blood Bags,2022,2022-08,Consumable,953.1047619047619,1264,372,5847297.714285714,511.25,6135,0.625,0.4849866261279129,C
Blood Bags,2022,2022-09,Consumable,953.1047619047619,1397,874,5847297.714285714,511.25,6135,0.45024218405988553,0.4849866261279129,C
Blood Bags,2022,2022-10,Consumable,953.1047619047619,1369,497,5847297.714285714,511.25,6135,0.5479635584137191,0.4849866261279129,C
Blood Bags,2022,2022-11,Consumable,953.1047619047619,354,675,5847297.714285714,511.25,6135,0.9936831875607386,0.4849866261279129,C
Blood Bags,2022,2022-12,Consumable,953.1047619047619,1391,449,5847297.714285714,511.25,6135,0.5557065217391305,0.4849866261279129,C
Blood Bags,2023,2023-01,Consumable,953.1047619047619,1402,916,6580235.276190476,575.3333333333334,6904,0.49640494679321256,0.4849866261279129,C
Blood Bags,2023,2023-02,Consumable,953.1047619047619,886,1445,6580235.276190476,575.3333333333334,6904,0.49363649363649365,0.4849866261279129,C
Blood Bags,2023,2023-03,Consumable,953.1047619047619,1154,370,6580235.276190476,575.3333333333334,6904,0.7550306211723535,0.4849866261279129,C
Blood Bags,2023,2023-04,Consumable,953.1047619047619,527,1086,6580235.276190476,575.3333333333334,6904,0.7133705311014673,0.4849866261279129,C
Blood Bags,2023,2023-05,Consumable,953.1047619047619,602,697,6580235.276190476,575.3333333333334,6904,0.8858095971259944,0.4849866261279129,C
Blood Bags,2023,2023-06,Consumable,953.1047619047619,375,1422,6580235.276190476,575.3333333333334,6904,0.6403264700426637,0.4849866261279129,C
Blood Bags,2023,2023-07,Consumable,953.1047619047619,1145,1201,6580235.276190476,575.3333333333334,6904,0.49048025007104296,0.4849866261279129,C
Blood Bags,2023,2023-08,Consumable,953.1047619047619,1440,1178,6580235.276190476,575.3333333333334,6904,0.43952126305067485,0.4849866261279129,C
Blood Bags,2023,2023-09,Consumable,953.1047619047619,709,601,6580235.276190476,575.3333333333334,6904,0.8783715012722647,0.4849866261279129,C
Blood Bags,2023,2023-10,Consumable,953.1047619047619,373,1215,6580235.276190476,575.3333333333334,6904,0.7246011754827876,0.4849866261279129,C
Blood Bags,2023,2023-11,Consumable,953.1047619047619,681,972,6580235.276190476,575.3333333333334,6904,0.6961080863077234,0.4849866261279129,C
Blood Bags,2023,2023-12,Consumable,953.1047619047619,646,337,6580235.276190476,575.3333333333334,6904,1.1705662936588674,0.4849866261279129,C
Blood Bags,2024,2024-01,Consumable,953.1047619047619,1061,1421,4888474.323809523,427.4166666666667,5129,0.344413107708837,0.4849866261279129,C
Blood Bags,2024,2024-02,Consumable,953.1047619047619,1287,1126,4888474.323809523,427.4166666666667,5129,0.35426163834783814,0.4849866261279129,C
Blood Bags,2024,2024-03,Consumable,953.1047619047619,502,597,4888474.323809523,427.4166666666667,5129,0.7778283287837429,0.4849866261279129,C
Blood Bags,2024,2024-04,Consumable,953.1047619047619,1418,411,4888474.323809523,427.4166666666667,5129,0.46737743757973393,0.4849866261279129,C
Blood Bags,2024,2024-05,Consumable,953.1047619047619,1142,596,4888474.323809523,427.4166666666667,5129,0.49184886843114695,0.4849866261279129,C
Blood Bags,2024,2024-06,Consumable,953.1047619047619,1329,550,4888474.323809523,427.4166666666667,5129,0.45494057122582937,0.4849866261279129,C
Blood Bags,2024,2024-07,Consumable,953.1047619047619,500,435,4888474.323809523,427.4166666666667,5129,0.9142602495543672,0.4849866261279129,C
Blood Bags,2024,2024-08,Consumable,953.1047619047619,1449,1453,4888474.323809523,427.4166666666667,5129,0.29456696531127957,0.4849866261279129,C
Blood Bags,2024,2024-09,Consumable,953.1047619047619,1382,459,4888474.323809523,427.4166666666667,5129,0.46433097954010505,0.4849866261279129,C
Blood Bags,2024,2024-10,Consumable,953.1047619047619,468,1001,4888474.323809523,427.4166666666667,5129,0.5819151350124802,0.4849866261279129,C
Blood Bags,2024,2024-11,Consumable,953.1047619047619,751,1304,4888474.323809523,427.4166666666667,5129,0.41597729115977294,0.4849866261279129,C
Blood Bags,2024,2024-12,Consumable,953.1047619047619,854,565,4888474.323809523,427.4166666666667,5129,0.6024195442800094,0.4849866261279129,C
Cotton Rolls,2022,2022-01,Consumable,102.21,343,1435,985611.0299999999,803.5833333333334,9643,0.9039182602174729,0.4849866261279129,C
Cotton Rolls,2022,2022-02,Consumable,102.21,1238,664,985611.0299999999,803.5833333333334,9643,0.844987732211707,0.4849866261279129,C
Cotton Rolls,2022,2022-03,Consumable,102.21,1051,1051,985611.0299999999,803.5833333333334,9643,0.7645892800507453,0.4849866261279129,C
Cotton Rolls,2022,2022-04,Consumable,102.21,1364,798,985611.0299999999,803.5833333333334,9643,0.7433703361085415,0.4849866261279129,C
Cotton Rolls,2022,2022-05,Consumable,102.21,1846,1901,985611.0299999999,803.5833333333334,9643,0.4289209145093853,0.4849866261279129,C
Cotton Rolls,2022,2022-06,Consumable,102.21,749,1491,985611.0299999999,803.5833333333334,9643,0.7174851190476191,0.4849866261279129,C
Cotton Rolls,2022,2022-07,Consumable,102.21,571,1644,985611.0299999999,803.5833333333334,9643,0.7255831452219714,0.4849866261279129,C
Cotton Rolls,2022,2022-08,Consumable,102.21,720,424,985611.0299999999,803.5833333333334,9643,1.4048659673659674,0.4849866261279129,C
Cotton Rolls,2022,2022-09,Consumable,102.21,1602,742,985611.0299999999,803.5833333333334,9643,0.685651308304892,0.4849866261279129,C
Cotton Rolls,2022,2022-10,Consumable,102.21,358,1477,985611.0299999999,803.5833333333334,9643,0.8758401453224341,0.4849866261279129,C
Cotton Rolls,2022,2022-11,Consumable,102.21,1222,1184,985611.0299999999,803.5833333333334,9643,0.6679828207259629,0.4849866261279129,C
Cotton Rolls,2022,2022-12,Consumable,102.21,740,491,985611.0299999999,803.5833333333334,9643,1.3055781207690225,0.4849866261279129,C
Cotton Rolls,2023,2023-01,Consumable,102.21,1455,723,1273332.18,1038.1666666666667,12458,0.9533210896847261,0.4849866261279129,C
Cotton Rolls,2023,2023-02,Consumable,102.21,773,1730,1273332.18,1038.1666666666667,12458,0.829537887867892,0.4849866261279129,C
Cotton Rolls,2023,2023-03,Consumable,102.21,354,340,1273332.18,1038.1666666666667,12458,2.9918347742555236,0.4849866261279129,C
Cotton Rolls,2023,2023-04,Consumable,102.21,1485,674,1273332.18,1038.1666666666667,12458,0.9617106685193764,0.4849866261279129,C
Cotton Rolls,2023,2023-05,Consumable,102.21,1328,1665,1273332.18,1038.1666666666667,12458,0.693729814010469,0.4849866261279129,C
Cotton Rolls,2023,2023-06,Consumable,102.21,1972,956,1273332.18,1038.1666666666667,12458,0.7091302367941713,0.4849866261279129,C
Cotton Rolls,2023,2023-07,Consumable,102.21,425,1288,1273332.18,1038.1666666666667,12458,1.212103522086009,0.4849866261279129,C
Cotton Rolls,2023,2023-08,Consumable,102.21,557,1781,1273332.18,1038.1666666666667,12458,0.8880809808953523,0.4849866261279129,C
Cotton Rolls,2023,2023-09,Consumable,102.21,1321,1929,1273332.18,1038.1666666666667,12458,0.6388717948717949,0.4849866261279129,C
Cotton Rolls,2023,2023-10,Consumable,102.21,1085,1700,1273332.18,1038.1666666666667,12458,0.7455415918611611,0.4849866261279129,C
Cotton Rolls,2023,2023-11,Consumable,102.21,768,885,1273332.18,1038.1666666666667,12458,1.256100020165356,0.4849866261279129,C
Cotton Rolls,2023,2023-12,Consumable,102.21,1071,819,1273332.18,1038.1666666666667,12458,1.098589065255732,0.4849866261279129,C
Cotton Rolls,2024,2024-01,Consumable,102.21,359,1818,1312989.66,1070.5,12846,0.9834634818557648,0.4849866261279129,C
Cotton Rolls,2024,2024-02,Consumable,102.21,819,1321,1312989.66,1070.5,12846,1.000467289719626,0.4849866261279129,C
Cotton Rolls,2024,2024-03,Consumable,102.21,1289,1129,1312989.66,1070.5,12846,0.8854425144747725,0.4849866261279129,C
Cotton Rolls,2024,2024-04,Consumable,102.21,1362,372,1312989.66,1070.5,12846,1.2347174163783161,0.4849866261279129,C
Cotton Rolls,2024,2024-05,Consumable,102.21,1961,1785,1312989.66,1070.5,12846,0.5715429791777896,0.4849866261279129,C
Cotton Rolls,2024,2024-06,Consumable,102.21,1025,1025,1312989.66,1070.5,12846,1.044390243902439,0.4849866261279129,C
Cotton Rolls,2024,2024-07,Consumable,102.21,1177,528,1312989.66,1070.5,12846,1.2557184750733137,0.4849866261279129,C
Cotton Rolls,2024,2024-08,Consumable,102.21,469,980,1312989.66,1070.5,12846,1.4775707384403036,0.4849866261279129,C
Cotton Rolls,2024,2024-09,Consumable,102.21,1519,1740,1312989.66,1070.5,12846,0.6569499846578705,0.4849866261279129,C
Cotton Rolls,2024,2024-10,Consumable,102.21,1912,938,1312989.66,1070.5,12846,0.7512280701754386,0.4849866261279129,C
Cotton Rolls,2024,2024-11,Consumable,102.21,685,1853,1312989.66,1070.5,12846,0.8435776201733649,0.4849866261279129,C
Cotton Rolls,2024,2024-12,Consumable,102.21,1374,578,1312989.66,1070.5,12846,1.0968237704918034,0.4849866261279129,C
Face Shield,2022,2022-01,Consumable,83.81151832460733,1890,1406,2497667.057591623,2483.4166666666665,29801,1.5069275889967637,0.4849866261279129,C
Face Shield,2022,2022-02,Consumable,83.81151832460733,1216,3337,2497667.057591623,2483.4166666666665,29801,1.0908924518632404,0.4849866261279129,C
Face Shield,2022,2022-03,Consumable,83.81151832460733,2745,2881,2497667.057591623,2483.4166666666665,29801,0.8828356440336532,0.4849866261279129,C
Face Shield,2022,2022-04,Consumable,83.81151832460733,2964,1811,2497667.057591623,2483.4166666666665,29801,1.040174520069808,0.4849866261279129,C
Face Shield,2022,2022-05,Consumable,83.81151832460733,2495,3747,2497667.057591623,2483.4166666666665,29801,0.795711844494286,0.4849866261279129,C
Face Shield,2022,2022-06,Consumable,83.81151832460733,3206,924,2497667.057591623,2483.4166666666665,29801,1.2026230831315576,0.4849866261279129,C
Face Shield,2022,2022-07,Consumable,83.81151832460733,1864,3794,2497667.057591623,2483.4166666666665,29801,0.8778425827736538,0.4849866261279129,C
Face Shield,2022,2022-08,Consumable,83.81151832460733,3254,3395,2497667.057591623,2483.4166666666665,29801,0.7470045620895372,0.4849866261279129,C
Face Shield,2022,2022-09,Consumable,83.81151832460733,3468,1203,2497667.057591623,2483.4166666666665,29801,1.0633340469563977,0.4849866261279129,C
Face Shield,2022,2022-10,Consumable,83.81151832460733,1962,3861,2497667.057591623,2483.4166666666665,29801,0.8529681149464766,0.4849866261279129,C
Face Shield,2022,2022-11,Consumable,83.81151832460733,1036,3442,2497667.057591623,2483.4166666666665,29801,1.1091633169569748,0.4849866261279129,C
Face Shield,2022,2022-12,Consumable,83.81151832460733,2389,3053,2497667.057591623,2483.4166666666665,29801,0.9126852872718363,0.4849866261279129,C
Face Shield,2023,2023-01,Consumable,83.81151832460733,3595,1408,2801316.1884816755,2785.3333333333335,33424,1.113465254180825,0.4849866261279129,C
Face Shield,2023,2023-02,Consumable,83.81151832460733,1559,1559,2801316.1884816755,2785.3333333333335,33424,1.786615351721189,0.4849866261279129,C
Face Shield,2023,2023-03,Consumable,83.81151832460733,1739,3584,2801316.1884816755,2785.3333333333335,33424,1.046527647316676,0.4849866261279129,C
Face Shield,2023,2023-04,Consumable,83.81151832460733,2928,2397,2801316.1884816755,2785.3333333333335,33424,1.046134585289515,0.4849866261279129,C
Face Shield,2023,2023-05,Consumable,83.81151832460733,2382,1158,2801316.1884816755,2785.3333333333335,33424,1.5736346516007533,0.4849866261279129,C
Face Shield,2023,2023-06,Consumable,83.81151832460733,3197,1783,2801316.1884816755,2785.3333333333335,33424,1.118607764390897,0.4849866261279129,C
Face Shield,2023,2023-07,Consumable,83.81151832460733,1183,2430,2801316.1884816755,2785.3333333333335,33424,1.54183965310453,0.4849866261279129,C
Face Shield,2023,2023-08,Consumable,83.81151832460733,1831,3547,2801316.1884816755,2785.3333333333335,33424,1.0358249659104997,0.4849866261279129,C
Face Shield,2023,2023-09,Consumable,83.81151832460733,3736,619,2801316.1884816755,2785.3333333333335,33424,1.2791427477994644,0.4849866261279129,C
Face Shield,2023,2023-10,Consumable,83.81151832460733,3401,2800,2801316.1884816755,2785.3333333333335,33424,0.8983497285384079,0.4849866261279129,C
Face Shield,2023,2023-11,Consumable,83.81151832460733,780,2522,2801316.1884816755,2785.3333333333335,33424,1.6870583484756714,0.4849866261279129,C
Face Shield,2023,2023-12,Consumable,83.81151832460733,1280,2765,2801316.1884816755,2785.3333333333335,33424,1.377173465183354,0.4849866261279129,C
Face Shield,2024,2024-01,Consumable,83.81151832460733,869,2039,2218239.455497382,2205.5833333333335,26467,1.5169073819348924,0.4849866261279129,C
Face Shield,2024,2024-02,Consumable,83.81151832460733,679,3546,2218239.455497382,2205.5833333333335,26467,1.0440631163708087,0.4849866261279129,C
Face Shield,2024,2024-03,Consumable,83.81151832460733,2209,3847,2218239.455497382,2205.5833333333335,26467,0.7283960810215765,0.4849866261279129,C
Face Shield,2024,2024-04,Consumable,83.81151832460733,1541,3093,2218239.455497382,2205.5833333333335,26467,0.9519133937562941,0.4849866261279129,C
Face Shield,2024,2024-05,Consumable,83.81151832460733,1870,912,2218239.455497382,2205.5833333333335,26467,1.5856098729930506,0.4849866261279129,C
Face Shield,2024,2024-06,Consumable,83.81151832460733,1875,1685,2218239.455497382,2205.5833333333335,26467,1.2390917602996256,0.4849866261279129,C
Face Shield,2024,2024-07,Consumable,83.81151832460733,817,880,2218239.455497382,2205.5833333333335,26467,2.599391082302102,0.4849866261279129,C
Face Shield,2024,2024-08,Consumable,83.81151832460733,1291,518,2218239.455497382,2205.5833333333335,26467,2.4384558688041276,0.4849866261279129,C
Face Shield,2024,2024-09,Consumable,83.81151832460733,619,1656,2218239.455497382,2205.5833333333335,26467,1.938974358974359,0.4849866261279129,C
Face Shield,2024,2024-10,Consumable,83.81151832460733,1831,1602,2218239.455497382,2205.5833333333335,26467,1.2849305757840568,0.4849866261279129,C
Face Shield,2024,2024-11,Consumable,83.81151832460733,2285,1329,2218239.455497382,2205.5833333333335,26467,1.2205773842464491,0.4849866261279129,C
Face Shield,2024,2024-12,Consumable,83.81151832460733,2216,2994,2218239.455497382,2205.5833333333335,26467,0.8466730646193219,0.4849866261279129,C
Gloves,2022,2022-01,Consumable,10.530386740331492,3440,2888,383148.12154696137,3032.0833333333335,36385,0.9583069953645176,0.4849866261279129,C
Gloves,2022,2022-02,Consumable,10.530386740331492,2298,3503,383148.12154696137,3032.0833333333335,36385,1.0453657415388151,0.4849866261279129,C
Gloves,2022,2022-03,Consumable,10.530386740331492,3210,1359,383148.12154696137,3032.0833333333335,36385,1.3272415554096448,0.4849866261279129,C
Gloves,2022,2022-04,Consumable,10.530386740331492,2990,2723,383148.12154696137,3032.0833333333335,36385,1.0614679969659842,0.4849866261279129,C
Gloves,2022,2022-05,Consumable,10.530386740331492,2677,3923,383148.12154696137,3032.0833333333335,36385,0.9188131313131314,0.4849866261279129,C
Gloves,2022,2022-06,Consumable,10.530386740331492,3906,4263,383148.12154696137,3032.0833333333335,36385,0.7423389235728568,0.4849866261279129,C
Gloves,2022,2022-07,Consumable,10.530386740331492,2877,3063,383148.12154696137,3032.0833333333335,36385,1.0209034792368126,0.4849866261279129,C
Gloves,2022,2022-08,Consumable,10.530386740331492,4419,4962,383148.12154696137,3032.0833333333335,36385,0.6464307287780265,0.4849866261279129,C
Gloves,2022,2022-09,Consumable,10.530386740331492,3547,4454,383148.12154696137,3032.0833333333335,36385,0.7579260925717619,0.4849866261279129,C
Gloves,2022,2022-10,Consumable,10.530386740331492,4421,3368,383148.12154696137,3032.0833333333335,36385,0.7785552274575256,0.4849866261279129,C
Gloves,2022,2022-11,Consumable,10.530386740331492,1921,4418,383148.12154696137,3032.0833333333335,36385,0.9566440553189253,0.4849866261279129,C
Gloves,2022,2022-12,Consumable,10.530386740331492,2576,2559,383148.12154696137,3032.0833333333335,36385,1.1809477442388836,0.4849866261279129,C
Gloves,2023,2023-01,Consumable,10.530386740331492,3023,1344,374302.5966850829,2962.0833333333335,35545,1.3565758339058087,0.4849866261279129,C
Gloves,2023,2023-02,Consumable,10.530386740331492,1428,2988,374302.5966850829,2962.0833333333335,35545,1.3415232487922706,0.4849866261279129,C
Gloves,2023,2023-03,Consumable,10.530386740331492,3712,1089,374302.5966850829,2962.0833333333335,35545,1.2339443171561482,0.4849866261279129,C
Gloves,2023,2023-04,Consumable,10.530386740331492,3623,1494,374302.5966850829,2962.0833333333335,35545,1.1577421666340955,0.4849866261279129,C
Gloves,2023,2023-05,Consumable,10.530386740331492,3166,4731,374302.5966850829,2962.0833333333335,35545,0.7501793930184458,0.4849866261279129,C
Gloves,2023,2023-06,Consumable,10.530386740331492,1592,4472,374302.5966850829,2962.0833333333335,35545,0.9769404133685137,0.4849866261279129,C
Gloves,2023,2023-07,Consumable,10.530386740331492,3900,1887,374302.5966850829,2962.0833333333335,35545,1.023702551696331,0.4849866261279129,C
Gloves,2023,2023-08,Consumable,10.530386740331492,2999,4470,374302.5966850829,2962.0833333333335,35545,0.7931673137858706,0.4849866261279129,C
Gloves,2023,2023-09,Consumable,10.530386740331492,1326,3779,374302.5966850829,2962.0833333333335,35545,1.1604635977799544,0.4849866261279129,C
Gloves,2023,2023-10,Consumable,10.530386740331492,4105,4182,374302.5966850829,2962.0833333333335,35545,0.7148747033506295,0.4849866261279129,C
Gloves,2023,2023-11,Consumable,10.530386740331492,2092,4140,374302.5966850829,2962.0833333333335,35545,0.9506044073598631,0.4849866261279129,C
Gloves,2023,2023-12,Consumable,10.530386740331492,1550,3006,374302.5966850829,2962.0833333333335,35545,1.3002999707345626,0.4849866261279129,C
Gloves,2024,2024-01,Consumable,10.530386740331492,1464,4072,351104.15469613264,2778.5,33342,1.003793352601156,0.4849866261279129,C
Gloves,2024,2024-02,Consumable,10.530386740331492,2536,2404,351104.15469613264,2778.5,33342,1.1248987854251011,0.4849866261279129,C
Gloves,2024,2024-03,Consumable,10.530386740331492,1630,3294,351104.15469613264,2778.5,33342,1.1285540211210399,0.4849866261279129,C
Gloves,2024,2024-04,Consumable,10.530386740331492,3178,4075,351104.15469613264,2778.5,33342,0.7661657245277816,0.4849866261279129,C
Gloves,2024,2024-05,Consumable,10.530386740331492,4752,2939,351104.15469613264,2778.5,33342,0.7225328305811988,0.4849866261279129,C
Gloves,2024,2024-06,Consumable,10.530386740331492,3591,3591,351104.15469613264,2778.5,33342,0.7737399053188527,0.4849866261279129,C
Gloves,2024,2024-07,Consumable,10.530386740331492,3828,2348,351104.15469613264,2778.5,33342,0.8997733160621761,0.4849866261279129,C
Gloves,2024,2024-08,Consumable,10.530386740331492,1642,4575,351104.15469613264,2778.5,33342,0.8938394724143478,0.4849866261279129,C
Gloves,2024,2024-09,Consumable,10.530386740331492,2510,3384,351104.15469613264,2778.5,33342,0.9428232100441126,0.4849866261279129,C
Gloves,2024,2024-10,Consumable,10.530386740331492,4562,4585,351104.15469613264,2778.5,33342,0.6075215917787252,0.4849866261279129,C
Gloves,2024,2024-11,Consumable,10.530386740331492,2784,3252,351104.15469613264,2778.5,33342,0.9206428098078198,0.4849866261279129,C
Gloves,2024,2024-12,Consumable,10.530386740331492,3119,2358,351104.15469613264,2778.5,33342,1.0146065364250503,0.4849866261279129,C
Gown,2022,2022-01,Consumable,168.00485436893203,1596,685,3540534.300970874,1756.1666666666667,21074,1.5398217156218035,0.4849866261279129,C
Gown,2022,2022-02,Consumable,168.00485436893203,2445,2746,3540534.300970874,1756.1666666666667,21074,0.6766197906633276,0.4849866261279129,C
Gown,2022,2022-03,Consumable,168.00485436893203,823,1096,3540534.300970874,1756.1666666666667,21074,1.8302935556713567,0.4849866261279129,C
Gown,2022,2022-04,Consumable,168.00485436893203,1646,1015,3540534.300970874,1756.1666666666667,21074,1.3199298509332331,0.4849866261279129,C
Gown,2022,2022-05,Consumable,168.00485436893203,2955,1395,3540534.300970874,1756.1666666666667,21074,0.8074329501915709,0.5272409929086947,B
Gown,2022,2022-06,Consumable,168.00485436893203,2351,1660,3540534.300970874,1756.1666666666667,21074,0.8756752264605668,0.5272409929086947,B
Gown,2022,2022-07,Consumable,168.00485436893203,2621,993,3540534.300970874,1756.1666666666667,21074,0.9718686589190186,0.5272409929086947,B
Gown,2022,2022-08,Consumable,168.00485436893203,1832,2623,3540534.300970874,1756.1666666666667,21074,0.7884025439580995,0.5272409929086947,B
Gown,2022,2022-09,Consumable,168.00485436893203,2863,1130,3540534.300970874,1756.1666666666667,21074,0.8796226730111028,0.5272409929086947,B
Gown,2022,2022-10,Consumable,168.00485436893203,1319,2021,3540534.300970874,1756.1666666666667,21074,1.0515968063872256,0.5272409929086947,B
Gown,2022,2022-11,Consumable,168.00485436893203,1319,2740,3540534.300970874,1756.1666666666667,21074,0.8653198653198654,0.5272409929086947,B
Gown,2022,2022-12,Consumable,168.00485436893203,1050,2475,3540534.300970874,1756.1666666666667,21074,0.9964066193853428,0.5272409929086947,B
Gown,2023,2023-01,Consumable,168.00485436893203,1398,645,3297767.286407767,1635.75,19629,1.6013215859030836,0.5272409929086947,B
Gown,2023,2023-02,Consumable,168.00485436893203,1052,981,3297767.286407767,1635.75,19629,1.6091982292179046,0.5272409929086947,B
Gown,2023,2023-03,Consumable,168.00485436893203,928,1363,3297767.286407767,1635.75,19629,1.4279790484504584,0.5272409929086947,B
Gown,2023,2023-04,Consumable,168.00485436893203,2171,2460,3297767.286407767,1635.75,19629,0.7064348952709998,0.5272409929086947,B
Gown,2023,2023-05,Consumable,168.00485436893203,882,2995,3297767.286407767,1635.75,19629,0.8438225432035079,0.5272409929086947,B
Gown,2023,2023-06,Consumable,168.00485436893203,1563,2479,3297767.286407767,1635.75,19629,0.8093765462642256,0.5272409929086947,B
Gown,2023,2023-07,Consumable,168.00485436893203,1433,2943,3297767.286407767,1635.75,19629,0.7476005484460695,0.5272409929086947,B
Gown,2023,2023-08,Consumable,168.00485436893203,804,559,3297767.286407767,1635.75,19629,2.4002201027146,0.5272409929086947,B
Gown,2023,2023-09,Consumable,168.00485436893203,911,1147,3297767.286407767,1635.75,19629,1.5896501457725947,0.5272409929086947,B
Gown,2023,2023-10,Consumable,168.00485436893203,2640,515,3297767.286407767,1635.75,19629,1.0369255150554675,0.5272409929086947,B
Gown,2023,2023-11,Consumable,168.00485436893203,1342,911,3297767.286407767,1635.75,19629,1.452063914780293,0.5272409929086947,B
Gown,2023,2023-12,Consumable,168.00485436893203,1767,2584,3297767.286407767,1635.75,19629,0.7518961158354401,0.5272409929086947,B
Gown,2024,2024-01,Consumable,168.00485436893203,1678,2736,3344472.63592233,1658.9166666666667,19907,0.7516613804561245,0.5272409929086947,B
Gown,2024,2024-02,Consumable,168.00485436893203,1095,2352,3344472.63592233,1658.9166666666667,19907,0.9625278019533895,0.5272409929086947,B
Gown,2024,2024-03,Consumable,168.00485436893203,1148,1624,3344472.63592233,1658.9166666666667,19907,1.196909571909572,0.5272409929086947,B
Gown,2024,2024-04,Consumable,168.00485436893203,2893,1528,3344472.63592233,1658.9166666666667,19907,0.7504712357686798,0.5272409929086947,B
Gown,2024,2024-05,Consumable,168.00485436893203,2673,1649,3344472.63592233,1658.9166666666667,19907,0.7676615764306649,0.5272409929086947,B
Gown,2024,2024-06,Consumable,168.00485436893203,631,2654,3344472.63592233,1658.9166666666667,19907,1.0099949264332826,0.5272409929086947,B
Gown,2024,2024-07,Consumable,168.00485436893203,869,871,3344472.63592233,1658.9166666666667,19907,1.906800766283525,0.5272409929086947,B
Gown,2024,2024-08,Consumable,168.00485436893203,2379,1744,3344472.63592233,1658.9166666666667,19907,0.8047133963942114,0.5272409929086947,B
Gown,2024,2024-09,Consumable,168.00485436893203,1024,1449,3344472.63592233,1658.9166666666667,19907,1.3416228602237499,0.5272409929086947,B
Gown,2024,2024-10,Consumable,168.00485436893203,1541,1599,3344472.63592233,1658.9166666666667,19907,1.0566348195329087,0.5272409929086947,B
Gown,2024,2024-11,Consumable,168.00485436893203,1110,951,3344472.63592233,1658.9166666666667,19907,1.6098172408216076,0.5272409929086947,B
Gown,2024,2024-12,Consumable,168.00485436893203,967,2162,3344472.63592233,1658.9166666666667,19907,1.0603494194098222,0.5272409929086947,B
IV Drip,2022,2022-01,Consumable,241.87755102040816,695,1524,1712251.1836734693,589.9166666666666,7079,0.5316959591407541,0.5272409929086947,B
IV Drip,2022,2022-02,Consumable,241.87755102040816,1129,922,1712251.1836734693,589.9166666666666,7079,0.5752478465789046,0.5272409929086947,B
IV Drip,2022,2022-03,Consumable,241.87755102040816,1690,1275,1712251.1836734693,589.9166666666666,7079,0.397920179876335,0.5272409929086947,B
IV Drip,2022,2022-04,Consumable,241.87755102040816,1226,507,1712251.1836734693,589.9166666666666,7079,0.6808040007693786,0.5272409929086947,B
IV Drip,2022,2022-05,Consumable,241.87755102040816,1303,793,1712251.1836734693,589.9166666666666,7079,0.562897582697201,0.5272409929086947,B
IV Drip,2022,2022-06,Consumable,241.87755102040816,1250,479,1712251.1836734693,589.9166666666666,7079,0.6823790244842876,0.5272409929086947,B
IV Drip,2022,2022-07,Consumable,241.87755102040816,419,1499,1712251.1836734693,589.9166666666666,7079,0.61513729579423,0.5272409929086947,B
IV Drip,2022,2022-08,Consumable,241.87755102040816,1254,1968,1712251.1836734693,589.9166666666666,7079,0.36618042623629216,0.5272409929086947,B
IV Drip,2022,2022-09,Consumable,241.87755102040816,544,1065,1712251.1836734693,589.9166666666666,7079,0.7332711829293557,0.5272409929086947,B
IV Drip,2022,2022-10,Consumable,241.87755102040816,1547,1792,1712251.1836734693,589.9166666666666,7079,0.35334930617949484,0.5272409929086947,B
IV Drip,2022,2022-11,Consumable,241.87755102040816,881,1073,1712251.1836734693,589.9166666666666,7079,0.6038041624019106,0.5272409929086947,B
IV Drip,2022,2022-12,Consumable,241.87755102040816,1285,1964,1712251.1836734693,589.9166666666666,7079,0.36313737560274956,0.5272409929086947,B
IV Drip,2023,2023-01,Consumable,241.87755102040816,1822,1507,2302674.285714286,793.3333333333334,9520,0.4766196054871333,0.5272409929086947,B
IV Drip,2023,2023-02,Consumable,241.87755102040816,1887,385,2302674.285714286,793.3333333333334,9520,0.6983568075117371,0.5272409929086947,B
IV Drip,2023,2023-03,Consumable,241.87755102040816,1357,1944,2302674.285714286,793.3333333333334,9520,0.4806624255276179,0.5272409929086947,B
IV Drip,2023,2023-04,Consumable,241.87755102040816,1643,1887,2302674.285714286,793.3333333333334,9520,0.44948064211520306,0.5272409929086947,B
IV Drip,2023,2023-05,Consumable,241.87755102040816,1852,1119,2302674.285714286,793.3333333333334,9520,0.5340513856165152,0.5272409929086947,B
IV Drip,2023,2023-06,Consumable,241.87755102040816,1008,539,2302674.285714286,793.3333333333334,9520,1.0256410256410258,0.5272409929086947,B
IV Drip,2023,2023-07,Consumable,241.87755102040816,1405,1873,2302674.285714286,793.3333333333334,9520,0.48403498067927603,0.5272409929086947,B
IV Drip,2023,2023-08,Consumable,241.87755102040816,496,1242,2302674.285714286,793.3333333333334,9520,0.9129267357115459,0.5272409929086947,B
IV Drip,2023,2023-09,Consumable,241.87755102040816,1629,1048,2302674.285714286,793.3333333333334,9520,0.5927032748101109,0.5272409929086947,B
IV Drip,2023,2023-10,Consumable,241.87755102040816,1771,1982,2302674.285714286,793.3333333333334,9520,0.42277289279687363,0.5272409929086947,B
IV Drip,2023,2023-11,Consumable,241.87755102040816,671,449,2302674.285714286,793.3333333333334,9520,1.4166666666666667,0.5272409929086947,B
IV Drip,2023,2023-12,Consumable,241.87755102040816,1482,1218,2302674.285714286,793.3333333333334,9520,0.5876543209876544,0.5272409929086947,B
IV Drip,2024,2024-01,Consumable,241.87755102040816,912,1502,2029352.6530612244,699.1666666666666,8390,0.5792598729632698,0.5272409929086947,B
IV Drip,2024,2024-02,Consumable,241.87755102040816,481,1382,2029352.6530612244,699.1666666666666,8390,0.7505814993737698,0.5272409929086947,B
IV Drip,2024,2024-03,Consumable,241.87755102040816,872,692,2029352.6530612244,699.1666666666666,8390,0.894075021312873,0.5272409929086947,B
IV Drip,2024,2024-04,Consumable,241.87755102040816,1579,410,2029352.6530612244,699.1666666666666,8390,0.7030333500921736,0.5272409929086947,B
IV Drip,2024,2024-05,Consumable,241.87755102040816,1116,563,2029352.6530612244,699.1666666666666,8390,0.832837006154457,0.5272409929086947,B
IV Drip,2024,2024-06,Consumable,241.87755102040816,1737,1332,2029352.6530612244,699.1666666666666,8390,0.4556315846638427,0.5272409929086947,B
IV Drip,2024,2024-07,Consumable,241.87755102040816,1808,411,2029352.6530612244,699.1666666666666,8390,0.6301637374192579,0.5272409929086947,B
IV Drip,2024,2024-08,Consumable,241.87755102040816,1688,1064,2029352.6530612244,699.1666666666666,8390,0.5081153100775193,0.5272409929086947,B
IV Drip,2024,2024-09,Consumable,241.87755102040816,557,1366,2029352.6530612244,699.1666666666666,8390,0.7271624198301265,0.5272409929086947,B
IV Drip,2024,2024-10,Consumable,241.87755102040816,1392,935,2029352.6530612244,699.1666666666666,8390,0.6009167741011316,0.5272409929086947,B
IV Drip,2024,2024-11,Consumable,241.87755102040816,1104,989,2029352.6530612244,699.1666666666666,8390,0.6681000159261028,0.5272409929086947,B
IV Drip,2024,2024-12,Consumable,241.87755102040816,518,421,2029352.6530612244,699.1666666666666,8390,1.4891728789492367,0.5272409929086947,B
Surgical Mask,2022,2022-01,Consumable,5.4714285714285715,8264,6719,578390.1857142857,8809.25,105711,1.1758993525996129,0.5272409929086947,C
Surgical Mask,2022,2022-02,Consumable,5.4714285714285715,11294,9616,578390.1857142857,8809.25,105711,0.8425872788139646,0.5272409929086947,C
Surgical Mask,2022,2022-03,Consumable,5.4714285714285715,8820,6729,578390.1857142857,8809.25,105711,1.1330953759084186,0.5272409929086947,C
Surgical Mask,2022,2022-04,Consumable,5.4714285714285715,5841,5203,578390.1857142857,8809.25,105711,1.5953006157189424,0.5272409929086947,C
Surgical Mask,2022,2022-05,Consumable,5.4714285714285715,5100,7576,578390.1857142857,8809.25,105711,1.3899100662669612,0.5272409929086947,C
Surgical Mask,2022,2022-06,Consumable,5.4714285714285715,6929,12563,578390.1857142857,8809.25,105711,0.9038836445721321,0.5272409929086947,C
Surgical Mask,2022,2022-07,Consumable,5.4714285714285715,10703,12974,578390.1857142857,8809.25,105711,0.7441187650462474,0.5272409929086947,C
Surgical Mask,2022,2022-08,Consumable,5.4714285714285715,8392,11313,578390.1857142857,8809.25,105711,0.8941131692463842,0.5272409929086947,C
Surgical Mask,2022,2022-09,Consumable,5.4714285714285715,3717,3717,578390.1857142857,8809.25,105711,2.3699892386333063,0.5272409929086947,C
Surgical Mask,2022,2022-10,Consumable,5.4714285714285715,4897,11897,578390.1857142857,8809.25,105711,1.049094914850542,0.5272409929086947,C
Surgical Mask,2022,2022-11,Consumable,5.4714285714285715,4126,14709,578390.1857142857,8809.25,105711,0.935412795327847,0.5272409929086947,C
Surgical Mask,2022,2022-12,Consumable,5.4714285714285715,12329,8625,578390.1857142857,8809.25,105711,0.8408179822468264,0.5272409929086947,C
Surgical Mask,2023,2023-01,Consumable,5.4714285714285715,12639,11829,690603.7142857143,10518.333333333334,126220,0.8597624107678056,0.5272409929086947,C
Surgical Mask,2023,2023-02,Consumable,5.4714285714285715,10552,6564,690603.7142857143,10518.333333333334,126220,1.2290644231518268,0.5272409929086947,C
Surgical Mask,2023,2023-03,Consumable,5.4714285714285715,3167,6418,690603.7142857143,10518.333333333334,126220,2.1947487393496785,0.5272409929086947,C
Surgical Mask,2023,2023-04,Consumable,5.4714285714285715,9083,4520,690603.7142857143,10518.333333333334,126220,1.5464725918302336,0.5272409929086947,C
Surgical Mask,2023,2023-05,Consumable,5.4714285714285715,4532,8145,690603.7142857143,10518.333333333334,126220,1.659435723488733,0.5272409929086947,C
Surgical Mask,2023,2023-06,Consumable,5.4714285714285715,3534,6952,690603.7142857143,10518.333333333334,126220,2.0061669527624133,0.5272409929086947,C
Surgical Mask,2023,2023-07,Consumable,5.4714285714285715,11331,9334,690603.7142857143,10518.333333333334,126220,1.0179853213968868,0.5272409929086947,C
Surgical Mask,2023,2023-08,Consumable,5.4714285714285715,14098,9991,690603.7142857143,10518.333333333334,126220,0.8732893298462646,0.5272409929086947,C
Surgical Mask,2023,2023-09,Consumable,5.4714285714285715,13298,9366,690603.7142857143,10518.333333333334,126220,0.9281974349923521,0.5272409929086947,C
Surgical Mask,2023,2023-10,Consumable,5.4714285714285715,4322,9808,690603.7142857143,10518.333333333334,126220,1.4887945270110876,0.5272409929086947,C
Surgical Mask,2023,2023-11,Consumable,5.4714285714285715,5663,5706,690603.7142857143,10518.333333333334,126220,1.8503532999091097,0.5272409929086947,C
Surgical Mask,2023,2023-12,Consumable,5.4714285714285715,11680,13022,690603.7142857143,10518.333333333334,126220,0.8516179526624026,0.5272409929086947,C
Surgical Mask,2024,2024-01,Consumable,5.4714285714285715,4019,9521,643740.9285714286,9804.583333333334,117655,1.448239783357952,0.5272409929086947,C
Surgical Mask,2024,2024-02,Consumable,5.4714285714285715,12324,13980,643740.9285714286,9804.583333333334,117655,0.7454823094079481,0.5272409929086947,C
Surgical Mask,2024,2024-03,Consumable,5.4714285714285715,7404,7900,643740.9285714286,9804.583333333334,117655,1.2813098971946333,0.5272409929086947,C
Surgical Mask,2024,2024-04,Consumable,5.4714285714285715,14955,12457,643740.9285714286,9804.583333333334,117655,0.7153497251811859,0.5272409929086947,C
Surgical Mask,2024,2024-05,Consumable,5.4714285714285715,5289,13426,643740.9285714286,9804.583333333334,117655,1.0477780746281948,0.5272409929086947,C
Surgical Mask,2024,2024-06,Consumable,5.4714285714285715,4531,12429,643740.9285714286,9804.583333333334,117655,1.1562008647798743,0.5272409929086947,C
Surgical Mask,2024,2024-07,Consumable,5.4714285714285715,9068,6057,643740.9285714286,9804.583333333334,117655,1.296473829201102,0.5272409929086947,C
Surgical Mask,2024,2024-08,Consumable,5.4714285714285715,8756,10212,643740.9285714286,9804.583333333334,117655,1.033802544636581,0.5272409929086947,C
Surgical Mask,2024,2024-09,Consumable,5.4714285714285715,13614,5619,643740.9285714286,9804.583333333334,117655,1.0195583978925111,0.5272409929086947,C
Surgical Mask,2024,2024-10,Consumable,5.4714285714285715,14357,5304,643740.9285714286,9804.583333333334,117655,0.9973636471525694,0.5272409929086947,C
Surgical Mask,2024,2024-11,Consumable,5.4714285714285715,6347,14232,643740.9285714286,9804.583333333334,117655,0.9528726695498648,0.5272409929086947,C
Surgical Mask,2024,2024-12,Consumable,5.4714285714285715,3385,5700,643740.9285714286,9804.583333333334,117655,2.158411300678775,0.5272409929086947,C
Syringe,2022,2022-01,Consumable,20.067010309278352,7680,7314,1481727.9742268042,6153.25,73839,0.8207616379885287,0.5272409929086947,C
Syringe,2022,2022-02,Consumable,20.067010309278352,7300,7648,1481727.9742268042,6153.25,73839,0.8232873963071983,0.5272409929086947,C
Syringe,2022,2022-03,Consumable,20.067010309278352,2399,7079,1481727.9742268042,6153.25,73839,1.2984279383836252,0.5272409929086947,C
Syringe,2022,2022-04,Consumable,20.067010309278352,5519,3715,1481727.9742268042,6153.25,73839,1.3327377084687027,0.5272409929086947,C
Syringe,2022,2022-05,Consumable,20.067010309278352,3231,7649,1481727.9742268042,6153.25,73839,1.1311121323529412,0.5272409929086947,C
Syringe,2022,2022-06,Consumable,20.067010309278352,3352,6225,1481727.9742268042,6153.25,73839,1.2850057429257595,0.5272409929086947,C
Syringe,2022,2022-07,Consumable,20.067010309278352,4446,2624,1481727.9742268042,6153.25,73839,1.7406647807637907,0.5272409929086947,C
Syringe,2022,2022-08,Consumable,20.067010309278352,4288,5858,1481727.9742268042,6153.25,73839,1.2129410605164597,0.5272409929086947,C
Syringe,2022,2022-09,Consumable,20.067010309278352,3361,5572,1481727.9742268042,6153.25,73839,1.3776446882346356,0.5272409929086947,C
Syringe,2022,2022-10,Consumable,20.067010309278352,4976,2974,1481727.9742268042,6153.25,73839,1.5479874213836478,0.5272409929086947,C
Syringe,2022,2022-11,Consumable,20.067010309278352,4149,3125,1481727.9742268042,6153.25,73839,1.691847676656585,0.5272409929086947,C
Syringe,2022,2022-12,Consumable,20.067010309278352,6712,7214,1481727.9742268042,6153.25,73839,0.8837067356024702,0.5272409929086947,C
Syringe,2023,2023-01,Consumable,20.067010309278352,4211,4927,1440570.5360824743,5982.333333333333,71788,1.3093309987597577,0.5272409929086947,C
Syringe,2023,2023-02,Consumable,20.067010309278352,4770,5858,1440570.5360824743,5982.333333333333,71788,1.125768410488019,0.5272409929086947,C
Syringe,2023,2023-03,Consumable,20.067010309278352,1838,5884,1440570.5360824743,5982.333333333333,71788,1.549425882759216,0.5272409929086947,C
Syringe,2023,2023-04,Consumable,20.067010309278352,5040,2024,1440570.5360824743,5982.333333333333,71788,1.6937523593808983,0.5272409929086947,C
Syringe,2023,2023-05,Consumable,20.067010309278352,6236,4824,1440570.5360824743,5982.333333333333,71788,1.081796262808921,0.5272409929086947,C
Syringe,2023,2023-06,Consumable,20.067010309278352,1682,7214,1440570.5360824743,5982.333333333333,71788,1.344949040767386,0.5272409929086947,C
Syringe,2023,2023-07,Consumable,20.067010309278352,6205,4256,1440570.5360824743,5982.333333333333,71788,1.1437402415320397,0.5272409929086947,C
Syringe,2023,2023-08,Consumable,20.067010309278352,5953,4351,1440570.5360824743,5982.333333333333,71788,1.1611671842650102,0.5272409929086947,C
Syringe,2023,2023-09,Consumable,20.067010309278352,3639,2227,1440570.5360824743,5982.333333333333,71788,2.0396635981361517,0.5272409929086947,C
Syringe,2023,2023-10,Consumable,20.067010309278352,4714,5055,1440570.5360824743,5982.333333333333,71788,1.2247585900979288,0.5272409929086947,C
Syringe,2023,2023-11,Consumable,20.067010309278352,6557,5816,1440570.5360824743,5982.333333333333,71788,0.9669980333521916,0.5272409929086947,C
Syringe,2023,2023-12,Consumable,20.067010309278352,2982,4629,1440570.5360824743,5982.333333333333,71788,1.5720229492401347,0.5272409929086947,C
Syringe,2024,2024-01,Consumable,20.067010309278352,5661,5013,1531895.5000000002,6361.583333333333,76339,1.191977390544001,0.5272409929086947,C
Syringe,2024,2024-02,Consumable,20.067010309278352,4069,3111,1531895.5000000002,6361.583333333333,76339,1.77202878365831,0.5272409929086947,C
Syringe,2024,2024-03,Consumable,20.067010309278352,6649,7349,1531895.5000000002,6361.583333333333,76339,0.9089274658284516,0.5272409929086947,C
Syringe,2024,2024-04,Consumable,20.067010309278352,3680,1968,1531895.5000000002,6361.583333333333,76339,2.252685316336166,0.5272409929086947,C
Syringe,2024,2024-05,Consumable,20.067010309278352,3493,6741,1531895.5000000002,6361.583333333333,76339,1.2432251970555663,0.5272409929086947,C
Syringe,2024,2024-06,Consumable,20.067010309278352,3531,6786,1531895.5000000002,6361.583333333333,76339,1.23322348227844,0.5272409929086947,C
Syringe,2024,2024-07,Consumable,20.067010309278352,6466,5907,1531895.5000000002,6361.583333333333,76339,1.0283008701743042,0.5272409929086947,C
Syringe,2024,2024-08,Consumable,20.067010309278352,5272,3326,1531895.5000000002,6361.583333333333,76339,1.4797821198728385,0.5272409929086947,C
Syringe,2024,2024-09,Consumable,20.067010309278352,5833,6112,1531895.5000000002,6361.583333333333,76339,1.0651458071717594,0.5272409929086947,C
Syringe,2024,2024-10,Consumable,20.067010309278352,6311,1501,1531895.5000000002,6361.583333333333,76339,1.628669568185697,0.5272409929086947,C
Syringe,2024,2024-11,Consumable,20.067010309278352,1968,7832,1531895.5000000002,6361.583333333333,76339,1.29828231292517,0.5272409929086947,C
Syringe,2024,2024-12,Consumable,20.067010309278352,6041,5334,1531895.5000000002,6361.583333333333,76339,1.1185201465201464,0.5272409929086947,C
Defibrilator,2022,2022-01,Equipment,525429.4766355141,5,5,19966320.112149533,3.1666666666666665,38,7.6,0.5272409929086947,B
Defibrilator,2022,2022-02,Equipment,525429.4766355141,5,5,19966320.112149533,3.1666666666666665,38,7.6,0.5272409929086947,B
Defibrilator,2022,2022-03,Equipment,525429.4766355141,5,5,19966320.112149533,3.1666666666666665,38,7.6,0.5272409929086947,B
Defibrilator,2022,2022-04,Equipment,525429.4766355141,5,5,19966320.112149533,3.1666666666666665,38,7.6,0.5272409929086947,B
Defibrilator,2022,2022-05,Equipment,525429.4766355141,5,5,19966320.112149533,3.1666666666666665,38,7.6,0.5272409929086947,B
Defibrilator,2022,2022-06,Equipment,525429.4766355141,5,5,19966320.112149533,3.1666666666666665,38,7.6,0.5272409929086947,B
Defibrilator,2022,2022-07,Equipment,525429.4766355141,5,5,19966320.112149533,3.1666666666666665,38,7.6,0.5272409929086947,B
Defibrilator,2022,2022-08,Equipment,525429.4766355141,5,5,19966320.112149533,3.1666666666666665,38,7.6,0.5272409929086947,B
Defibrilator,2022,2022-09,Equipment,525429.4766355141,5,5,19966320.112149533,3.1666666666666665,38,7.6,0.5272409929086947,B
Defibrilator,2022,2022-10,Equipment,525429.4766355141,5,5,19966320.112149533,3.1666666666666665,38,7.6,0.5272409929086947,B
Defibrilator,2022,2022-11,Equipment,525429.4766355141,5,5,19966320.112149533,3.1666666666666665,38,7.6,0.5272409929086947,B
Defibrilator,2022,2022-12,Equipment,525429.4766355141,5,5,19966320.112149533,3.1666666666666665,38,7.6,0.5272409929086947,B
Defibrilator,2023,2023-01,Equipment,525429.4766355141,8,8,17339172.728971966,2.75,33,4.125,0.5272409929086947,B
Defibrilator,2023,2023-02,Equipment,525429.4766355141,8,8,17339172.728971966,2.75,33,4.125,0.5272409929086947,B
Defibrilator,2023,2023-03,Equipment,525429.4766355141,8,8,17339172.728971966,2.75,33,4.125,0.5272409929086947,B
Defibrilator,2023,2023-04,Equipment,525429.4766355141,8,8,17339172.728971966,2.75,33,4.125,0.5272409929086947,B
Defibrilator,2023,2023-05,Equipment,525429.4766355141,8,8,17339172.728971966,2.75,33,4.125,0.5272409929086947,B
Defibrilator,2023,2023-06,Equipment,525429.4766355141,8,8,17339172.728971966,2.75,33,4.125,0.5272409929086947,B
Defibrilator,2023,2023-07,Equipment,525429.4766355141,8,8,17339172.728971966,2.75,33,4.125,0.5272409929086947,B
Defibrilator,2023,2023-08,Equipment,525429.4766355141,8,8,17339172.728971966,2.75,33,4.125,0.5272409929086947,B
Defibrilator,2023,2023-09,Equipment,525429.4766355141,8,8,17339172.728971966,2.75,33,4.125,0.5272409929086947,B
Defibrilator,2023,2023-10,Equipment,525429.4766355141,8,8,17339172.728971966,2.75,33,4.125,0.5272409929086947,B
Defibrilator,2023,2023-11,Equipment,525429.4766355141,8,8,17339172.728971966,2.75,33,4.125,0.5272409929086947,B
Defibrilator,2023,2023-12,Equipment,525429.4766355141,8,8,17339172.728971966,2.75,33,4.125,0.5272409929086947,B
Defibrilator,2024,2024-01,Equipment,525429.4766355141,5,3,17864602.205607478,2.8333333333333335,34,8.5,0.5272409929086947,B
Defibrilator,2024,2024-02,Equipment,525429.4766355141,5,3,17864602.205607478,2.8333333333333335,34,8.5,0.5272409929086947,B
Defibrilator,2024,2024-03,Equipment,525429.4766355141,5,3,17864602.205607478,2.8333333333333335,34,8.5,0.5272409929086947,B
Defibrilator,2024,2024-04,Equipment,525429.4766355141,5,3,17864602.205607478,2.8333333333333335,34,8.5,0.5272409929086947,B
Defibrilator,2024,2024-05,Equipment,525429.4766355141,5,3,17864602.205607478,2.8333333333333335,34,8.5,0.5272409929086947,B
Defibrilator,2024,2024-06,Equipment,525429.4766355141,5,3,17864602.205607478,2.8333333333333335,34,8.5,0.5272409929086947,B
Defibrilator,2024,2024-07,Equipment,525429.4766355141,5,3,17864602.205607478,2.8333333333333335,34,8.5,0.5272409929086947,B
Defibrilator,2024,2024-08,Equipment,525429.4766355141,5,3,17864602.205607478,2.8333333333333335,34,8.5,0.5272409929086947,B
Defibrilator,2024,2024-09,Equipment,525429.4766355141,5,3,17864602.205607478,2.8333333333333335,34,8.5,0.5272409929086947,B
Defibrilator,2024,2024-10,Equipment,525429.4766355141,5,3,17864602.205607478,2.8333333333333335,34,8.5,0.5272409929086947,B
Defibrilator,2024,2024-11,Equipment,525429.4766355141,5,3,17864602.205607478,2.8333333333333335,34,8.5,0.5272409929086947,B
Defibrilator,2024,2024-12,Equipment,525429.4766355141,5,3,17864602.205607478,2.8333333333333335,34,8.5,0.5272409929086947,B
ECG Machine,2022,2022-01,Equipment,248925.6561085973,2,3,31613558.325791858,10.583333333333334,127,50.8,0.5272409929086947,B
ECG Machine,2022,2022-02,Equipment,248925.6561085973,2,3,31613558.325791858,10.583333333333334,127,50.8,0.5272409929086947,B
ECG Machine,2022,2022-03,Equipment,248925.6561085973,2,3,31613558.325791858,10.583333333333334,127,50.8,0.5272409929086947,B
ECG Machine,2022,2022-04,Equipment,248925.6561085973,2,3,31613558.325791858,10.583333333333334,127,50.8,0.5272409929086947,B
ECG Machine,2022,2022-05,Equipment,248925.6561085973,2,3,31613558.325791858,10.583333333333334,127,50.8,0.5272409929086947,B
ECG Machine,2022,2022-06,Equipment,248925.6561085973,2,3,31613558.325791858,10.583333333333334,127,50.8,0.5272409929086947,B
ECG Machine,2022,2022-07,Equipment,248925.6561085973,2,3,31613558.325791858,10.583333333333334,127,50.8,0.5272409929086947,B
ECG Machine,2022,2022-08,Equipment,248925.6561085973,2,3,31613558.325791858,10.583333333333334,127,50.8,0.5272409929086947,B
ECG Machine,2022,2022-09,Equipment,248925.6561085973,2,3,31613558.325791858,10.583333333333334,127,50.8,0.5272409929086947,B
ECG Machine,2022,2022-10,Equipment,248925.6561085973,2,3,31613558.325791858,10.583333333333334,127,50.8,0.5272409929086947,B
ECG Machine,2022,2022-11,Equipment,248925.6561085973,2,3,31613558.325791858,10.583333333333334,127,50.8,0.5272409929086947,B
ECG Machine,2022,2022-12,Equipment,248925.6561085973,2,3,31613558.325791858,10.583333333333334,127,50.8,0.5272409929086947,B
ECG Machine,2023,2023-01,Equipment,248925.6561085973,7,7,31115707.01357466,10.416666666666666,125,17.857142857142858,0.5272409929086947,B
ECG Machine,2023,2023-02,Equipment,248925.6561085973,7,7,31115707.01357466,10.416666666666666,125,17.857142857142858,0.5272409929086947,B
ECG Machine,2023,2023-03,Equipment,248925.6561085973,7,7,31115707.01357466,10.416666666666666,125,17.857142857142858,0.5272409929086947,B
ECG Machine,2023,2023-04,Equipment,248925.6561085973,7,7,31115707.01357466,10.416666666666666,125,17.857142857142858,0.5272409929086947,B
ECG Machine,2023,2023-05,Equipment,248925.6561085973,7,7,31115707.01357466,10.416666666666666,125,17.857142857142858,0.5272409929086947,B
ECG Machine,2023,2023-06,Equipment,248925.6561085973,7,7,31115707.01357466,10.416666666666666,125,17.857142857142858,0.5272409929086947,B
ECG Machine,2023,2023-07,Equipment,248925.6561085973,7,7,31115707.01357466,10.416666666666666,125,17.857142857142858,0.5153370321335845,B
ECG Machine,2023,2023-08,Equipment,248925.6561085973,7,7,31115707.01357466,10.416666666666666,125,17.857142857142858,0.5153370321335845,B
ECG Machine,2023,2023-09,Equipment,248925.6561085973,7,7,31115707.01357466,10.416666666666666,125,17.857142857142858,0.5153370321335845,B
ECG Machine,2023,2023-10,Equipment,248925.6561085973,7,7,31115707.01357466,10.416666666666666,125,17.857142857142858,0.5153370321335845,B
ECG Machine,2023,2023-11,Equipment,248925.6561085973,7,7,31115707.01357466,10.416666666666666,125,17.857142857142858,0.5153370321335845,B
ECG Machine,2023,2023-12,Equipment,248925.6561085973,7,7,31115707.01357466,10.416666666666666,125,17.857142857142858,0.5153370321335845,B
ECG Machine,2024,2024-01,Equipment,248925.6561085973,4,7,23150086.018099546,7.75,93,16.90909090909091,0.5153370321335845,B
ECG Machine,2024,2024-02,Equipment,248925.6561085973,4,7,23150086.018099546,7.75,93,16.90909090909091,0.5153370321335845,B
ECG Machine,2024,2024-03,Equipment,248925.6561085973,4,7,23150086.018099546,7.75,93,16.90909090909091,0.5153370321335845,B
ECG Machine,2024,2024-04,Equipment,248925.6561085973,4,7,23150086.018099546,7.75,93,16.90909090909091,0.5153370321335845,B
ECG Machine,2024,2024-05,Equipment,248925.6561085973,4,7,23150086.018099546,7.75,93,16.90909090909091,0.5153370321335845,B
ECG Machine,2024,2024-06,Equipment,248925.6561085973,4,7,23150086.018099546,7.75,93,16.90909090909091,0.5153370321335845,B
ECG Machine,2024,2024-07,Equipment,248925.6561085973,4,7,23150086.018099546,7.75,93,16.90909090909091,0.5153370321335845,B
ECG Machine,2024,2024-08,Equipment,248925.6561085973,4,7,23150086.018099546,7.75,93,16.90909090909091,0.5153370321335845,B
ECG Machine,2024,2024-09,Equipment,248925.6561085973,4,7,23150086.018099546,7.75,93,16.90909090909091,0.5153370321335845,B
ECG Machine,2024,2024-10,Equipment,248925.6561085973,4,7,23150086.018099546,7.75,93,16.90909090909091,0.5153370321335845,B
ECG Machine,2024,2024-11,Equipment,248925.6561085973,4,7,23150086.018099546,7.75,93,16.90909090909091,0.5153370321335845,B
ECG Machine,2024,2024-12,Equipment,248925.6561085973,4,7,23150086.018099546,7.75,93,16.90909090909091,0.5153370321335845,B
Hospital Bed,2022,2022-01,Equipment,37395.71212121212,135,97,4113528.333333333,9.166666666666666,110,0.9482758620689655,0.5153370321335845,B
Hospital Bed,2022,2022-02,Equipment,37395.71212121212,135,97,4113528.333333333,9.166666666666666,110,0.9482758620689655,0.5153370321335845,B
Hospital Bed,2022,2022-03,Equipment,37395.71212121212,135,97,4113528.333333333,9.166666666666666,110,0.9482758620689655,0.5153370321335845,B
Hospital Bed,2022,2022-04,Equipment,37395.71212121212,135,97,4113528.333333333,9.166666666666666,110,0.9482758620689655,0.5153370321335845,B
Hospital Bed,2022,2022-05,Equipment,37395.71212121212,135,97,4113528.333333333,9.166666666666666,110,0.9482758620689655,0.5153370321335845,B
Hospital Bed,2022,2022-06,Equipment,37395.71212121212,135,97,4113528.333333333,9.166666666666666,110,0.9482758620689655,0.5153370321335845,B
Hospital Bed,2022,2022-07,Equipment,37395.71212121212,135,97,4113528.333333333,9.166666666666666,110,0.9482758620689655,0.5153370321335845,B
Hospital Bed,2022,2022-08,Equipment,37395.71212121212,135,97,4113528.333333333,9.166666666666666,110,0.9482758620689655,0.5153370321335845,B
Hospital Bed,2022,2022-09,Equipment,37395.71212121212,135,97,4113528.333333333,9.166666666666666,110,0.9482758620689655,0.5153370321335845,B
Hospital Bed,2022,2022-10,Equipment,37395.71212121212,135,97,4113528.333333333,9.166666666666666,110,0.9482758620689655,0.5153370321335845,B
Hospital Bed,2022,2022-11,Equipment,37395.71212121212,135,97,4113528.333333333,9.166666666666666,110,0.9482758620689655,0.5153370321335845,B
Hospital Bed,2022,2022-12,Equipment,37395.71212121212,135,97,4113528.333333333,9.166666666666666,110,0.9482758620689655,0.5153370321335845,B
Hospital Bed,2023,2023-01,Equipment,37395.71212121212,75,71,4038736.909090909,9.0,108,1.4794520547945205,0.5153370321335845,B
Hospital Bed,2023,2023-02,Equipment,37395.71212121212,75,71,4038736.909090909,9.0,108,1.4794520547945205,0.5153370321335845,B
Hospital Bed,2023,2023-03,Equipment,37395.71212121212,75,71,4038736.909090909,9.0,108,1.4794520547945205,0.5153370321335845,B
Hospital Bed,2023,2023-04,Equipment,37395.71212121212,75,71,4038736.909090909,9.0,108,1.4794520547945205,0.5153370321335845,B
Hospital Bed,2023,2023-05,Equipment,37395.71212121212,75,71,4038736.909090909,9.0,108,1.4794520547945205,0.5153370321335845,B
Hospital Bed,2023,2023-06,Equipment,37395.71212121212,75,71,4038736.909090909,9.0,108,1.4794520547945205,0.5153370321335845,B
Hospital Bed,2023,2023-07,Equipment,37395.71212121212,75,71,4038736.909090909,9.0,108,1.4794520547945205,0.5153370321335845,B
Hospital Bed,2023,2023-08,Equipment,37395.71212121212,75,71,4038736.909090909,9.0,108,1.4794520547945205,0.5153370321335845,B
Hospital Bed,2023,2023-09,Equipment,37395.71212121212,75,71,4038736.909090909,9.0,108,1.4794520547945205,0.5153370321335845,B
Hospital Bed,2023,2023-10,Equipment,37395.71212121212,75,71,4038736.909090909,9.0,108,1.4794520547945205,0.5153370321335845,B
Hospital Bed,2023,2023-11,Equipment,37395.71212121212,75,71,4038736.909090909,9.0,108,1.4794520547945205,0.5153370321335845,B
Hospital Bed,2023,2023-12,Equipment,37395.71212121212,75,71,4038736.909090909,9.0,108,1.4794520547945205,0.5153370321335845,B
Hospital Bed,2024,2024-01,Equipment,37395.71212121212,99,64,3814362.6363636362,8.5,102,1.2515337423312884,0.5153370321335845,B
Hospital Bed,2024,2024-02,Equipment,37395.71212121212,99,64,3814362.6363636362,8.5,102,1.2515337423312884,0.5153370321335845,B
Hospital Bed,2024,2024-03,Equipment,37395.71212121212,99,64,3814362.6363636362,8.5,102,1.2515337423312884,0.5153370321335845,B
Hospital Bed,2024,2024-04,Equipment,37395.71212121212,99,64,3814362.6363636362,8.5,102,1.2515337423312884,0.5153370321335845,B
Hospital Bed,2024,2024-05,Equipment,37395.71212121212,99,64,3814362.6363636362,8.5,102,1.2515337423312884,0.5153370321335845,B
Hospital Bed,2024,2024-06,Equipment,37395.71212121212,99,64,3814362.6363636362,8.5,102,1.2515337423312884,0.5153370321335845,B
Hospital Bed,2024,2024-07,Equipment,37395.71212121212,99,64,3814362.6363636362,8.5,102,1.2515337423312884,0.5153370321335845,B
Hospital Bed,2024,2024-08,Equipment,37395.71212121212,99,64,3814362.6363636362,8.5,102,1.2515337423312884,0.5153370321335845,B
Hospital Bed,2024,2024-09,Equipment,37395.71212121212,99,64,3814362.6363636362,8.5,102,1.2515337423312884,0.5153370321335845,B
Hospital Bed,2024,2024-10,Equipment,37395.71212121212,99,64,3814362.6363636362,8.5,102,1.2515337423312884,0.5153370321335845,B
Hospital Bed,2024,2024-11,Equipment,37395.71212121212,99,64,3814362.6363636362,8.5,102,1.2515337423312884,0.5153370321335845,B
Hospital Bed,2024,2024-12,Equipment,37395.71212121212,99,64,3814362.6363636362,8.5,102,1.2515337423312884,0.5153370321335845,B
Infusion Pump,2022,2022-01,Equipment,163521.8835978836,5,4,121987325.16402116,62.166666666666664,746,165.77777777777777,0.5153370321335845,B
Infusion Pump,2022,2022-02,Equipment,163521.8835978836,5,4,121987325.16402116,62.166666666666664,746,165.77777777777777,0.5153370321335845,B
Infusion Pump,2022,2022-03,Equipment,163521.8835978836,5,4,121987325.16402116,62.166666666666664,746,165.77777777777777,0.5153370321335845,B
Infusion Pump,2022,2022-04,Equipment,163521.8835978836,5,4,121987325.16402116,62.166666666666664,746,165.77777777777777,0.5153370321335845,B
Infusion Pump,2022,2022-05,Equipment,163521.8835978836,5,4,121987325.16402116,62.166666666666664,746,165.77777777777777,0.5153370321335845,B
Infusion Pump,2022,2022-06,Equipment,163521.8835978836,5,4,121987325.16402116,62.166666666666664,746,165.77777777777777,0.5153370321335845,B
Infusion Pump,2022,2022-07,Equipment,163521.8835978836,5,4,121987325.16402116,62.166666666666664,746,165.77777777777777,0.5153370321335845,B
Infusion Pump,2022,2022-08,Equipment,163521.8835978836,5,4,121987325.16402116,62.166666666666664,746,165.77777777777777,0.5153370321335845,B
Infusion Pump,2022,2022-09,Equipment,163521.8835978836,5,4,121987325.16402116,62.166666666666664,746,165.77777777777777,0.5153370321335845,B
Infusion Pump,2022,2022-10,Equipment,163521.8835978836,5,4,121987325.16402116,62.166666666666664,746,165.77777777777777,0.5153370321335845,B
Infusion Pump,2022,2022-11,Equipment,163521.8835978836,5,4,121987325.16402116,62.166666666666664,746,165.77777777777777,0.5153370321335845,B
Infusion Pump,2022,2022-12,Equipment,163521.8835978836,5,4,121987325.16402116,62.166666666666664,746,165.77777777777777,0.5153370321335845,B
Infusion Pump,2023,2023-01,Equipment,163521.8835978836,4,12,102201177.24867725,52.083333333333336,625,78.125,0.5153370321335845,B
Infusion Pump,2023,2023-02,Equipment,163521.8835978836,4,12,102201177.24867725,52.083333333333336,625,78.125,0.5153370321335845,B
Infusion Pump,2023,2023-03,Equipment,163521.8835978836,4,12,102201177.24867725,52.083333333333336,625,78.125,0.5153370321335845,B
Infusion Pump,2023,2023-04,Equipment,163521.8835978836,4,12,102201177.24867725,52.083333333333336,625,78.125,0.5153370321335845,B
Infusion Pump,2023,2023-05,Equipment,163521.8835978836,4,12,102201177.24867725,52.083333333333336,625,78.125,0.5153370321335845,B
Infusion Pump,2023,2023-06,Equipment,163521.8835978836,4,12,102201177.24867725,52.083333333333336,625,78.125,0.5153370321335845,B
Infusion Pump,2023,2023-07,Equipment,163521.8835978836,4,12,102201177.24867725,52.083333333333336,625,78.125,0.5153370321335845,B
Infusion Pump,2023,2023-08,Equipment,163521.8835978836,4,12,102201177.24867725,52.083333333333336,625,78.125,0.5153370321335845,B
Infusion Pump,2023,2023-09,Equipment,163521.8835978836,4,12,102201177.24867725,52.083333333333336,625,78.125,0.5153370321335845,B
Infusion Pump,2023,2023-10,Equipment,163521.8835978836,4,12,102201177.24867725,52.083333333333336,625,78.125,0.5153370321335845,B
Infusion Pump,2023,2023-11,Equipment,163521.8835978836,4,12,102201177.24867725,52.083333333333336,625,78.125,0.5153370321335845,B
Infusion Pump,2023,2023-12,Equipment,163521.8835978836,4,12,102201177.24867725,52.083333333333336,625,78.125,0.5153370321335845,B
Infusion Pump,2024,2024-01,Equipment,163521.8835978836,5,11,90427601.62962963,46.083333333333336,553,69.125,0.5153370321335845,B
Infusion Pump,2024,2024-02,Equipment,163521.8835978836,5,11,90427601.62962963,46.083333333333336,553,69.125,0.5153370321335845,B
Infusion Pump,2024,2024-03,Equipment,163521.8835978836,5,11,90427601.62962963,46.083333333333336,553,69.125,0.5153370321335845,B
Infusion Pump,2024,2024-04,Equipment,163521.8835978836,5,11,90427601.62962963,46.083333333333336,553,69.125,0.5153370321335845,B
Infusion Pump,2024,2024-05,Equipment,163521.8835978836,5,11,90427601.62962963,46.083333333333336,553,69.125,0.5153370321335845,B
Infusion Pump,2024,2024-06,Equipment,163521.8835978836,5,11,90427601.62962963,46.083333333333336,553,69.125,0.5153370321335845,B
Infusion Pump,2024,2024-07,Equipment,163521.8835978836,5,11,90427601.62962963,46.083333333333336,553,69.125,0.5153370321335845,B
Infusion Pump,2024,2024-08,Equipment,163521.8835978836,5,11,90427601.62962963,46.083333333333336,553,69.125,0.5153370321335845,B
Infusion Pump,2024,2024-09,Equipment,163521.8835978836,5,11,90427601.62962963,46.083333333333336,553,69.125,0.5153370321335845,B
Infusion Pump,2024,2024-10,Equipment,163521.8835978836,5,11,90427601.62962963,46.083333333333336,553,69.125,0.5153370321335845,B
Infusion Pump,2024,2024-11,Equipment,163521.8835978836,5,11,90427601.62962963,46.083333333333336,553,69.125,0.5153370321335845,B
Infusion Pump,2024,2024-12,Equipment,163521.8835978836,5,11,90427601.62962963,46.083333333333336,553,69.125,0.5153370321335845,B
MRI Scanner,2022,2022-01,Equipment,37555297.40101523,1,2,1164214219.431472,2.5833333333333335,31,20.666666666666668,0.5153370321335845,A
MRI Scanner,2022,2022-02,Equipment,37555297.40101523,1,2,1164214219.431472,2.5833333333333335,31,20.666666666666668,0.5153370321335845,A
MRI Scanner,2022,2022-03,Equipment,37555297.40101523,1,2,1164214219.431472,2.5833333333333335,31,20.666666666666668,0.5153370321335845,A
MRI Scanner,2022,2022-04,Equipment,37555297.40101523,1,2,1164214219.431472,2.5833333333333335,31,20.666666666666668,0.5153370321335845,A
MRI Scanner,2022,2022-05,Equipment,37555297.40101523,1,2,1164214219.431472,2.5833333333333335,31,20.666666666666668,0.5153370321335845,A
MRI Scanner,2022,2022-06,Equipment,37555297.40101523,1,2,1164214219.431472,2.5833333333333335,31,20.666666666666668,0.5153370321335845,A
MRI Scanner,2022,2022-07,Equipment,37555297.40101523,1,2,1164214219.431472,2.5833333333333335,31,20.666666666666668,0.5153370321335845,A
MRI Scanner,2022,2022-08,Equipment,37555297.40101523,1,2,1164214219.431472,2.5833333333333335,31,20.666666666666668,0.5153370321335845,A
MRI Scanner,2022,2022-09,Equipment,37555297.40101523,1,2,1164214219.431472,2.5833333333333335,31,20.666666666666668,0.5153370321335845,A
MRI Scanner,2022,2022-10,Equipment,37555297.40101523,1,2,1164214219.431472,2.5833333333333335,31,20.666666666666668,0.5153370321335845,A
MRI Scanner,2022,2022-11,Equipment,37555297.40101523,1,2,1164214219.431472,2.5833333333333335,31,20.666666666666668,0.5153370321335845,A
MRI Scanner,2022,2022-12,Equipment,37555297.40101523,1,2,1164214219.431472,2.5833333333333335,31,20.666666666666668,0.5153370321335845,A
MRI Scanner,2023,2023-01,Equipment,37555297.40101523,2,1,1164214219.431472,2.5833333333333335,31,20.666666666666668,0.5153370321335845,A
MRI Scanner,2023,2023-02,Equipment,37555297.40101523,2,1,1164214219.431472,2.5833333333333335,31,20.666666666666668,0.5153370321335845,A
MRI Scanner,2023,2023-03,Equipment,37555297.40101523,2,1,1164214219.431472,2.5833333333333335,31,20.666666666666668,0.5153370321335845,A
MRI Scanner,2023,2023-04,Equipment,37555297.40101523,2,1,1164214219.431472,2.5833333333333335,31,20.666666666666668,0.5153370321335845,A
MRI Scanner,2023,2023-05,Equipment,37555297.40101523,2,1,1164214219.431472,2.5833333333333335,31,20.666666666666668,0.5153370321335845,A
MRI Scanner,2023,2023-06,Equipment,37555297.40101523,2,1,1164214219.431472,2.5833333333333335,31,20.666666666666668,0.5153370321335845,A
MRI Scanner,2023,2023-07,Equipment,37555297.40101523,2,1,1164214219.431472,2.5833333333333335,31,20.666666666666668,0.5153370321335845,A
MRI Scanner,2023,2023-08,Equipment,37555297.40101523,2,1,1164214219.431472,2.5833333333333335,31,20.666666666666668,0.5153370321335845,A
MRI Scanner,2023,2023-09,Equipment,37555297.40101523,2,1,1164214219.431472,2.5833333333333335,31,20.666666666666668,0.5153370321335845,A
MRI Scanner,2023,2023-10,Equipment,37555297.40101523,2,1,1164214219.431472,2.5833333333333335,31,20.666666666666668,0.5153370321335845,A
MRI Scanner,2023,2023-11,Equipment,37555297.40101523,2,1,1164214219.431472,2.5833333333333335,31,20.666666666666668,0.5153370321335845,A
MRI Scanner,2023,2023-12,Equipment,37555297.40101523,2,1,1164214219.431472,2.5833333333333335,31,20.666666666666668,0.5153370321335845,A
MRI Scanner,2024,2024-01,Equipment,37555297.40101523,1,2,976437732.426396,2.1666666666666665,26,17.333333333333332,0.5153370321335845,A
MRI Scanner,2024,2024-02,Equipment,37555297.40101523,1,2,976437732.426396,2.1666666666666665,26,17.333333333333332,0.5153370321335845,A
MRI Scanner,2024,2024-03,Equipment,37555297.40101523,1,2,976437732.426396,2.1666666666666665,26,17.333333333333332,0.5153370321335845,A
MRI Scanner,2024,2024-04,Equipment,37555297.40101523,1,2,976437732.426396,2.1666666666666665,26,17.333333333333332,0.5153370321335845,A
MRI Scanner,2024,2024-05,Equipment,37555297.40101523,1,2,976437732.426396,2.1666666666666665,26,17.333333333333332,0.5153370321335845,A
MRI Scanner,2024,2024-06,Equipment,37555297.40101523,1,2,976437732.426396,2.1666666666666665,26,17.333333333333332,0.5153370321335845,A
MRI Scanner,2024,2024-07,Equipment,37555297.40101523,1,2,976437732.426396,2.1666666666666665,26,17.333333333333332,0.5153370321335845,A
MRI Scanner,2024,2024-08,Equipment,37555297.40101523,1,2,976437732.426396,2.1666666666666665,26,17.333333333333332,0.5153370321335845,A
MRI Scanner,2024,2024-09,Equipment,37555297.40101523,1,2,976437732.426396,2.1666666666666665,26,17.333333333333332,0.5153370321335845,A
MRI Scanner,2024,2024-10,Equipment,37555297.40101523,1,2,976437732.426396,2.1666666666666665,26,17.333333333333332,0.5153370321335845,A
MRI Scanner,2024,2024-11,Equipment,37555297.40101523,1,2,976437732.426396,2.1666666666666665,26,17.333333333333332,0.5153370321335845,A
MRI Scanner,2024,2024-12,Equipment,37555297.40101523,1,2,976437732.426396,2.1666666666666665,26,17.333333333333332,0.5153370321335845,A
Ventilator,2022,2022-01,Equipment,2281320.6392694064,21,5,465389410.4109589,17.0,204,15.692307692307692,0.5153370321335845,B
Ventilator,2022,2022-02,Equipment,2281320.6392694064,21,5,465389410.4109589,17.0,204,15.692307692307692,0.5153370321335845,B
Ventilator,2022,2022-03,Equipment,2281320.6392694064,21,5,465389410.4109589,17.0,204,15.692307692307692,0.5153370321335845,B
Ventilator,2022,2022-04,Equipment,2281320.6392694064,21,5,465389410.4109589,17.0,204,15.692307692307692,0.5153370321335845,B
Ventilator,2022,2022-05,Equipment,2281320.6392694064,21,5,465389410.4109589,17.0,204,15.692307692307692,0.5153370321335845,B
Ventilator,2022,2022-06,Equipment,2281320.6392694064,21,5,465389410.4109589,17.0,204,15.692307692307692,0.5153370321335845,B
Ventilator,2022,2022-07,Equipment,2281320.6392694064,21,5,465389410.4109589,17.0,204,15.692307692307692,0.5153370321335845,B
Ventilator,2022,2022-08,Equipment,2281320.6392694064,21,5,465389410.4109589,17.0,204,15.692307692307692,0.5153370321335845,B
Ventilator,2022,2022-09,Equipment,2281320.6392694064,21,5,465389410.4109589,17.0,204,15.692307692307692,0.5153370321335845,B
Ventilator,2022,2022-10,Equipment,2281320.6392694064,21,5,465389410.4109589,17.0,204,15.692307692307692,0.5153370321335845,B
Ventilator,2022,2022-11,Equipment,2281320.6392694064,21,5,465389410.4109589,17.0,204,15.692307692307692,0.5153370321335845,B
Ventilator,2022,2022-12,Equipment,2281320.6392694064,21,5,465389410.4109589,17.0,204,15.692307692307692,0.5153370321335845,B
Ventilator,2023,2023-01,Equipment,2281320.6392694064,17,10,577174121.7351599,21.083333333333332,253,18.74074074074074,0.5153370321335845,B
Ventilator,2023,2023-02,Equipment,2281320.6392694064,17,10,577174121.7351599,21.083333333333332,253,18.74074074074074,0.5153370321335845,B
Ventilator,2023,2023-03,Equipment,2281320.6392694064,17,10,577174121.7351599,21.083333333333332,253,18.74074074074074,0.5153370321335845,B
Ventilator,2023,2023-04,Equipment,2281320.6392694064,17,10,577174121.7351599,21.083333333333332,253,18.74074074074074,0.5153370321335845,B
Ventilator,2023,2023-05,Equipment,2281320.6392694064,17,10,577174121.7351599,21.083333333333332,253,18.74074074074074,0.5153370321335845,B
Ventilator,2023,2023-06,Equipment,2281320.6392694064,17,10,577174121.7351599,21.083333333333332,253,18.74074074074074,0.5153370321335845,B
Ventilator,2023,2023-07,Equipment,2281320.6392694064,17,10,577174121.7351599,21.083333333333332,253,18.74074074074074,0.5153370321335845,B
Ventilator,2023,2023-08,Equipment,2281320.6392694064,17,10,577174121.7351599,21.083333333333332,253,18.74074074074074,0.5153370321335845,B
Ventilator,2023,2023-09,Equipment,2281320.6392694064,17,10,577174121.7351599,21.083333333333332,253,18.74074074074074,0.5153370321335845,B
Ventilator,2023,2023-10,Equipment,2281320.6392694064,17,10,577174121.7351599,21.083333333333332,253,18.74074074074074,0.5153370321335845,B
Ventilator,2023,2023-11,Equipment,2281320.6392694064,17,10,577174121.7351599,21.083333333333332,253,18.74074074074074,0.5153370321335845,B
Ventilator,2023,2023-12,Equipment,2281320.6392694064,17,10,577174121.7351599,21.083333333333332,253,18.74074074074074,0.5153370321335845,B
Ventilator,2024,2024-01,Equipment,2281320.6392694064,14,20,506453181.91780823,18.5,222,13.058823529411764,0.5153370321335845,B
Ventilator,2024,2024-02,Equipment,2281320.6392694064,14,20,506453181.91780823,18.5,222,13.058823529411764,0.5153370321335845,B
Ventilator,2024,2024-03,Equipment,2281320.6392694064,14,20,506453181.91780823,18.5,222,13.058823529411764,0.5153370321335845,B
Ventilator,2024,2024-04,Equipment,2281320.6392694064,14,20,506453181.91780823,18.5,222,13.058823529411764,0.5153370321335845,B
Ventilator,2024,2024-05,Equipment,2281320.6392694064,14,20,506453181.91780823,18.5,222,13.058823529411764,0.5153370321335845,B
Ventilator,2024,2024-06,Equipment,2281320.6392694064,14,20,506453181.91780823,18.5,222,13.058823529411764,0.5153370321335845,B
Ventilator,2024,2024-07,Equipment,2281320.6392694064,14,20,506453181.91780823,18.5,222,13.058823529411764,0.5153370321335845,B
Ventilator,2024,2024-08,Equipment,2281320.6392694064,14,20,506453181.91780823,18.5,222,13.058823529411764,0.5153370321335845,B
Ventilator,2024,2024-09,Equipment,2281320.6392694064,14,20,506453181.91780823,18.5,222,13.058823529411764,0.5153370321335845,B
Ventilator,2024,2024-10,Equipment,2281320.6392694064,14,20,506453181.91780823,18.5,222,13.058823529411764,0.5153370321335845,B
Ventilator,2024,2024-11,Equipment,2281320.6392694064,14,20,506453181.91780823,18.5,222,13.058823529411764,0.5153370321335845,B
Ventilator,2024,2024-12,Equipment,2281320.6392694064,14,20,506453181.91780823,18.5,222,13.058823529411764,0.5153370321335845,B
Wheelchair,2022,2022-01,Equipment,14871.933333333332,16,19,2230790.0,12.5,150,8.571428571428571,0.5153370321335845,B
Wheelchair,2022,2022-02,Equipment,14871.933333333332,16,19,2230790.0,12.5,150,8.571428571428571,0.5153370321335845,B
Wheelchair,2022,2022-03,Equipment,14871.933333333332,16,19,2230790.0,12.5,150,8.571428571428571,0.5153370321335845,B
Wheelchair,2022,2022-04,Equipment,14871.933333333332,16,19,2230790.0,12.5,150,8.571428571428571,0.5153370321335845,B
Wheelchair,2022,2022-05,Equipment,14871.933333333332,16,19,2230790.0,12.5,150,8.571428571428571,0.5153370321335845,B
Wheelchair,2022,2022-06,Equipment,14871.933333333332,16,19,2230790.0,12.5,150,8.571428571428571,0.5153370321335845,B
Wheelchair,2022,2022-07,Equipment,14871.933333333332,16,19,2230790.0,12.5,150,8.571428571428571,0.5153370321335845,B
Wheelchair,2022,2022-08,Equipment,14871.933333333332,16,19,2230790.0,12.5,150,8.571428571428571,0.5153370321335845,B
Wheelchair,2022,2022-09,Equipment,14871.933333333332,16,19,2230790.0,12.5,150,8.571428571428571,0.5153370321335845,B
Wheelchair,2022,2022-10,Equipment,14871.933333333332,16,19,2230790.0,12.5,150,8.571428571428571,0.5153370321335845,B
Wheelchair,2022,2022-11,Equipment,14871.933333333332,16,19,2230790.0,12.5,150,8.571428571428571,0.5153370321335845,B
Wheelchair,2022,2022-12,Equipment,14871.933333333332,16,19,2230790.0,12.5,150,8.571428571428571,0.5153370321335845,B
Wheelchair,2023,2023-01,Equipment,14871.933333333332,8,13,2126686.4666666663,11.916666666666666,143,13.619047619047619,0.5153370321335845,B
Wheelchair,2023,2023-02,Equipment,14871.933333333332,8,13,2126686.4666666663,11.916666666666666,143,13.619047619047619,0.5153370321335845,B
Wheelchair,2023,2023-03,Equipment,14871.933333333332,8,13,2126686.4666666663,11.916666666666666,143,13.619047619047619,0.5153370321335845,B
Wheelchair,2023,2023-04,Equipment,14871.933333333332,8,13,2126686.4666666663,11.916666666666666,143,13.619047619047619,0.5153370321335845,B
Wheelchair,2023,2023-05,Equipment,14871.933333333332,8,13,2126686.4666666663,11.916666666666666,143,13.619047619047619,0.5153370321335845,B
Wheelchair,2023,2023-06,Equipment,14871.933333333332,8,13,2126686.4666666663,11.916666666666666,143,13.619047619047619,0.5153370321335845,B
Wheelchair,2023,2023-07,Equipment,14871.933333333332,8,13,2126686.4666666663,11.916666666666666,143,13.619047619047619,0.5153370321335845,B
Wheelchair,2023,2023-08,Equipment,14871.933333333332,8,13,2126686.4666666663,11.916666666666666,143,13.619047619047619,0.5153370321335845,B
Wheelchair,2023,2023-09,Equipment,14871.933333333332,8,13,2126686.4666666663,11.916666666666666,143,13.619047619047619,0.5153370321335845,B
Wheelchair,2023,2023-10,Equipment,14871.933333333332,8,13,2126686.4666666663,11.916666666666666,143,13.619047619047619,0.5153370321335845,B
Wheelchair,2023,2023-11,Equipment,14871.933333333332,8,13,2126686.4666666663,11.916666666666666,143,13.619047619047619,0.5153370321335845,B
Wheelchair,2023,2023-12,Equipment,14871.933333333332,8,13,2126686.4666666663,11.916666666666666,143,13.619047619047619,0.5153370321335845,B
Wheelchair,2024,2024-01,Equipment,14871.933333333332,10,6,2825667.333333333,15.833333333333334,190,23.75,0.5153370321335845,B
Wheelchair,2024,2024-02,Equipment,14871.933333333332,10,6,2825667.333333333,15.833333333333334,190,23.75,0.5153370321335845,B
Wheelchair,2024,2024-03,Equipment,14871.933333333332,10,6,2825667.333333333,15.833333333333334,190,23.75,0.5153370321335845,B
Wheelchair,2024,2024-04,Equipment,14871.933333333332,10,6,2825667.333333333,15.833333333333334,190,23.75,0.5153370321335845,B
Wheelchair,2024,2024-05,Equipment,14871.933333333332,10,6,2825667.333333333,15.833333333333334,190,23.75,0.5153370321335845,B
Wheelchair,2024,2024-06,Equipment,14871.933333333332,10,6,2825667.333333333,15.833333333333334,190,23.75,0.5153370321335845,B
Wheelchair,2024,2024-07,Equipment,14871.933333333332,10,6,2825667.333333333,15.833333333333334,190,23.75,0.5153370321335845,B
Wheelchair,2024,2024-08,Equipment,14871.933333333332,10,6,2825667.333333333,15.833333333333334,190,23.75,0.5153370321335845,B
Wheelchair,2024,2024-09,Equipment,14871.933333333332,10,6,2825667.333333333,15.833333333333334,190,23.75,0.5153370321335845,B
Wheelchair,2024,2024-10,Equipment,14871.933333333332,10,6,2825667.333333333,15.833333333333334,190,23.75,0.5153370321335845,B
Wheelchair,2024,2024-11,Equipment,14871.933333333332,10,6,2825667.333333333,15.833333333333334,190,23.75,0.5153370321335845,B
Wheelchair,2024,2024-12,Equipment,14871.933333333332,10,6,2825667.333333333,15.833333333333334,190,23.75,0.5153370321335845,B
X-Ray-Machine,2022,2022-01,Equipment,3757779.3402061854,3,3,124006718.22680412,2.75,33,11.0,0.5153370321335845,B
X-Ray-Machine,2022,2022-02,Equipment,3757779.3402061854,3,3,124006718.22680412,2.75,33,11.0,0.5153370321335845,B
X-Ray-Machine,2022,2022-03,Equipment,3757779.3402061854,3,3,124006718.22680412,2.75,33,11.0,0.5153370321335845,B
X-Ray-Machine,2022,2022-04,Equipment,3757779.3402061854,3,3,124006718.22680412,2.75,33,11.0,0.5153370321335845,B
X-Ray-Machine,2022,2022-05,Equipment,3757779.3402061854,3,3,124006718.22680412,2.75,33,11.0,0.5153370321335845,B
X-Ray-Machine,2022,2022-06,Equipment,3757779.3402061854,3,3,124006718.22680412,2.75,33,11.0,0.5153370321335845,B
X-Ray-Machine,2022,2022-07,Equipment,3757779.3402061854,3,3,124006718.22680412,2.75,33,11.0,0.5153370321335845,B
X-Ray-Machine,2022,2022-08,Equipment,3757779.3402061854,3,3,124006718.22680412,2.75,33,11.0,0.5153370321335845,B
X-Ray-Machine,2022,2022-09,Equipment,3757779.3402061854,3,3,124006718.22680412,2.75,33,11.0,0.5153370321335845,B
X-Ray-Machine,2022,2022-10,Equipment,3757779.3402061854,3,3,124006718.22680412,2.75,33,11.0,0.5153370321335845,B
X-Ray-Machine,2022,2022-11,Equipment,3757779.3402061854,3,3,124006718.22680412,2.75,33,11.0,0.5153370321335845,B
X-Ray-Machine,2022,2022-12,Equipment,3757779.3402061854,3,3,124006718.22680412,2.75,33,11.0,0.5153370321335845,B
X-Ray-Machine,2023,2023-01,Equipment,3757779.3402061854,1,8,101460042.185567,2.25,27,6.0,0.5153370321335845,B
X-Ray-Machine,2023,2023-02,Equipment,3757779.3402061854,1,8,101460042.185567,2.25,27,6.0,0.5153370321335845,B
X-Ray-Machine,2023,2023-03,Equipment,3757779.3402061854,1,8,101460042.185567,2.25,27,6.0,0.5153370321335845,B
X-Ray-Machine,2023,2023-04,Equipment,3757779.3402061854,1,8,101460042.185567,2.25,27,6.0,0.5153370321335845,B
X-Ray-Machine,2023,2023-05,Equipment,3757779.3402061854,1,8,101460042.185567,2.25,27,6.0,0.4483969572215948,C
X-Ray-Machine,2023,2023-06,Equipment,3757779.3402061854,1,8,101460042.185567,2.25,27,6.0,0.4483969572215948,C
X-Ray-Machine,2023,2023-07,Equipment,3757779.3402061854,1,8,101460042.185567,2.25,27,6.0,0.4483969572215948,C
X-Ray-Machine,2023,2023-08,Equipment,3757779.3402061854,1,8,101460042.185567,2.25,27,6.0,0.4483969572215948,C
X-Ray-Machine,2023,2023-09,Equipment,3757779.3402061854,1,8,101460042.185567,2.25,27,6.0,0.4483969572215948,C
X-Ray-Machine,2023,2023-10,Equipment,3757779.3402061854,1,8,101460042.185567,2.25,27,6.0,0.4483969572215948,C
X-Ray-Machine,2023,2023-11,Equipment,3757779.3402061854,1,8,101460042.185567,2.25,27,6.0,0.4483969572215948,C
X-Ray-Machine,2023,2023-12,Equipment,3757779.3402061854,1,8,101460042.185567,2.25,27,6.0,0.4483969572215948,C
X-Ray-Machine,2024,2024-01,Equipment,3757779.3402061854,4,8,112733380.20618556,2.5,30,5.0,0.4483969572215948,C
X-Ray-Machine,2024,2024-02,Equipment,3757779.3402061854,4,8,112733380.20618556,2.5,30,5.0,0.4483969572215948,C
X-Ray-Machine,2024,2024-03,Equipment,3757779.3402061854,4,8,112733380.20618556,2.5,30,5.0,0.4483969572215948,C
X-Ray-Machine,2024,2024-04,Equipment,3757779.3402061854,4,8,112733380.20618556,2.5,30,5.0,0.4483969572215948,C
X-Ray-Machine,2024,2024-05,Equipment,3757779.3402061854,4,8,112733380.20618556,2.5,30,5.0,0.4483969572215948,C
X-Ray-Machine,2024,2024-06,Equipment,3757779.3402061854,4,8,112733380.20618556,2.5,30,5.0,0.4483969572215948,C
X-Ray-Machine,2024,2024-07,Equipment,3757779.3402061854,4,8,112733380.20618556,2.5,30,5.0,0.4483969572215948,C
X-Ray-Machine,2024,2024-08,Equipment,3757779.3402061854,4,8,112733380.20618556,2.5,30,5.0,0.4483969572215948,C
X-Ray-Machine,2024,2024-09,Equipment,3757779.3402061854,4,8,112733380.20618556,2.5,30,5.0,0.4483969572215948,C
X-Ray-Machine,2024,2024-10,Equipment,3757779.3402061854,4,8,112733380.20618556,2.5,30,5.0,0.4483969572215948,C
X-Ray-Machine,2024,2024-11,Equipment,3757779.3402061854,4,8,112733380.20618556,2.5,30,5.0,0.4483969572215948,C
X-Ray-Machine,2024,2024-12,Equipment,3757779.3402061854,4,8,112733380.20618556,2.5,30,5.0,0.4483969572215948,C
